timestamp_ms,timestamp_iso,angleID,angle_deg
1780992217060,2026-06-09T08:03:37.060Z,left_knee,18.81
1780992217080,2026-06-09T08:03:37.080Z,left_knee,20.28
1780992217101,2026-06-09T08:03:37.101Z,left_knee,20.86
1780992217121,2026-06-09T08:03:37.121Z,left_knee,19.28
1780992217141,2026-06-09T08:03:37.141Z,left_knee,22.06
1780992217162,2026-06-09T08:03:37.162Z,left_knee,18.33
1780992217182,2026-06-09T08:03:37.182Z,left_knee,20.06
1780992217202,2026-06-09T08:03:37.202Z,left_knee,22.43
1780992217222,2026-06-09T08:03:37.222Z,left_knee,19.51
1780992217243,2026-06-09T08:03:37.243Z,left_knee,20.84
1780992217263,2026-06-09T08:03:37.263Z,left_knee,22.67
1780992217284,2026-06-09T08:03:37.284Z,left_knee,21.11
1780992217304,2026-06-09T08:03:37.304Z,left_knee,21.0
1780992217325,2026-06-09T08:03:37.325Z,left_knee,20.39
1780992217345,2026-06-09T08:03:37.345Z,left_knee,17.75
1780992217366,2026-06-09T08:03:37.366Z,left_knee,18.47
1780992217386,2026-06-09T08:03:37.386Z,left_knee,17.14
1780992217407,2026-06-09T08:03:37.407Z,left_knee,17.51
1780992217427,2026-06-09T08:03:37.427Z,left_knee,15.39
1780992217448,2026-06-09T08:03:37.448Z,left_knee,13.66
1780992217468,2026-06-09T08:03:37.468Z,left_knee,12.44
1780992217489,2026-06-09T08:03:37.489Z,left_knee,12.67
1780992217509,2026-06-09T08:03:37.509Z,left_knee,11.08
1780992217530,2026-06-09T08:03:37.530Z,left_knee,7.68
1780992217550,2026-06-09T08:03:37.550Z,left_knee,9.4
1780992217570,2026-06-09T08:03:37.570Z,left_knee,7.68
1780992217590,2026-06-09T08:03:37.590Z,left_knee,7.22
1780992217611,2026-06-09T08:03:37.611Z,left_knee,5.6
1780992217631,2026-06-09T08:03:37.631Z,left_knee,5.23
1780992217651,2026-06-09T08:03:37.651Z,left_knee,2.75
1780992217672,2026-06-09T08:03:37.672Z,left_knee,1.84
1780992217692,2026-06-09T08:03:37.692Z,left_knee,1.26
1780992217713,2026-06-09T08:03:37.713Z,left_knee,0.44
1780992217733,2026-06-09T08:03:37.733Z,left_knee,1.59
1780992217754,2026-06-09T08:03:37.754Z,left_knee,3.12
1780992217774,2026-06-09T08:03:37.774Z,left_knee,4.24
1780992217795,2026-06-09T08:03:37.795Z,left_knee,5.5
1780992217815,2026-06-09T08:03:37.815Z,left_knee,6.97
1780992217835,2026-06-09T08:03:37.835Z,left_knee,6.05
1780992217856,2026-06-09T08:03:37.856Z,left_knee,8.64
1780992217876,2026-06-09T08:03:37.876Z,left_knee,8.99
1780992217897,2026-06-09T08:03:37.897Z,left_knee,12.49
1780992217917,2026-06-09T08:03:37.917Z,left_knee,13.79
1780992217938,2026-06-09T08:03:37.938Z,left_knee,13.14
1780992217958,2026-06-09T08:03:37.958Z,left_knee,14.37
1780992217979,2026-06-09T08:03:37.979Z,left_knee,17.1
1780992217999,2026-06-09T08:03:37.999Z,left_knee,15.36
1780992218020,2026-06-09T08:03:38.020Z,left_knee,18.2
1780992218041,2026-06-09T08:03:38.041Z,left_knee,19.14
1780992218061,2026-06-09T08:03:38.061Z,left_knee,19.58
1780992218081,2026-06-09T08:03:38.081Z,left_knee,19.73
1780992218102,2026-06-09T08:03:38.102Z,left_knee,19.31
1780992218123,2026-06-09T08:03:38.123Z,left_knee,20.91
1780992218143,2026-06-09T08:03:38.143Z,left_knee,21.71
1780992218164,2026-06-09T08:03:38.164Z,left_knee,21.2
1780992218184,2026-06-09T08:03:38.184Z,left_knee,21.16
1780992218204,2026-06-09T08:03:38.204Z,left_knee,21.86
1780992218225,2026-06-09T08:03:38.225Z,left_knee,22.73
1780992218245,2026-06-09T08:03:38.245Z,left_knee,22.92
1780992218266,2026-06-09T08:03:38.266Z,left_knee,22.19
1780992218286,2026-06-09T08:03:38.286Z,left_knee,19.2
1780992218307,2026-06-09T08:03:38.307Z,left_knee,20.96
1780992218327,2026-06-09T08:03:38.327Z,left_knee,19.44
1780992218348,2026-06-09T08:03:38.348Z,left_knee,20.15
1780992218368,2026-06-09T08:03:38.368Z,left_knee,18.86
1780992218388,2026-06-09T08:03:38.388Z,left_knee,18.87
1780992218409,2026-06-09T08:03:38.409Z,left_knee,15.04
1780992218430,2026-06-09T08:03:38.430Z,left_knee,16.35
1780992218450,2026-06-09T08:03:38.450Z,left_knee,14.7
1780992218470,2026-06-09T08:03:38.470Z,left_knee,14.0
1780992218490,2026-06-09T08:03:38.490Z,left_knee,12.26
1780992218511,2026-06-09T08:03:38.511Z,left_knee,10.32
1780992218532,2026-06-09T08:03:38.532Z,left_knee,9.78
1780992218552,2026-06-09T08:03:38.552Z,left_knee,10.14
1780992218573,2026-06-09T08:03:38.573Z,left_knee,7.71
1780992218593,2026-06-09T08:03:38.593Z,left_knee,7.23
1780992218614,2026-06-09T08:03:38.614Z,left_knee,4.18
1780992218635,2026-06-09T08:03:38.635Z,left_knee,3.51
1780992218655,2026-06-09T08:03:38.655Z,left_knee,3.49
1780992218676,2026-06-09T08:03:38.676Z,left_knee,0.57
1780992218696,2026-06-09T08:03:38.696Z,left_knee,0.53
1780992218716,2026-06-09T08:03:38.716Z,left_knee,0.16
1780992218737,2026-06-09T08:03:38.737Z,left_knee,2.4
1780992218757,2026-06-09T08:03:38.757Z,left_knee,4.2
1780992218778,2026-06-09T08:03:38.778Z,left_knee,4.89
1780992218798,2026-06-09T08:03:38.798Z,left_knee,7.05
1780992218818,2026-06-09T08:03:38.818Z,left_knee,7.93
1780992218839,2026-06-09T08:03:38.839Z,left_knee,8.48
1780992218859,2026-06-09T08:03:38.859Z,left_knee,9.16
1780992218880,2026-06-09T08:03:38.880Z,left_knee,11.52
1780992218900,2026-06-09T08:03:38.900Z,left_knee,10.56
1780992218920,2026-06-09T08:03:38.920Z,left_knee,10.95
1780992218941,2026-06-09T08:03:38.941Z,left_knee,13.4
1780992218961,2026-06-09T08:03:38.961Z,left_knee,15.56
1780992218982,2026-06-09T08:03:38.982Z,left_knee,15.4
1780992219003,2026-06-09T08:03:39.003Z,left_knee,18.41
1780992219023,2026-06-09T08:03:39.023Z,left_knee,18.78
1780992219043,2026-06-09T08:03:39.043Z,left_knee,18.46
1780992219064,2026-06-09T08:03:39.064Z,left_knee,17.47
1780992219084,2026-06-09T08:03:39.084Z,left_knee,19.25
1780992219105,2026-06-09T08:03:39.105Z,left_knee,22.31
1780992219126,2026-06-09T08:03:39.126Z,left_knee,22.02
1780992219146,2026-06-09T08:03:39.146Z,left_knee,21.28
1780992219166,2026-06-09T08:03:39.166Z,left_knee,21.67
1780992219187,2026-06-09T08:03:39.187Z,left_knee,20.5
1780992219207,2026-06-09T08:03:39.207Z,left_knee,20.91
1780992219227,2026-06-09T08:03:39.227Z,left_knee,21.86
1780992219248,2026-06-09T08:03:39.248Z,left_knee,21.62
1780992219269,2026-06-09T08:03:39.269Z,left_knee,21.1
1780992219289,2026-06-09T08:03:39.289Z,left_knee,20.3
1780992219310,2026-06-09T08:03:39.310Z,left_knee,21.97
1780992219330,2026-06-09T08:03:39.330Z,left_knee,19.03
1780992219350,2026-06-09T08:03:39.350Z,left_knee,18.69
1780992219371,2026-06-09T08:03:39.371Z,left_knee,15.57
1780992219391,2026-06-09T08:03:39.391Z,left_knee,17.51
1780992219412,2026-06-09T08:03:39.412Z,left_knee,14.99
1780992219432,2026-06-09T08:03:39.432Z,left_knee,13.9
1780992219453,2026-06-09T08:03:39.453Z,left_knee,13.1
1780992219474,2026-06-09T08:03:39.474Z,left_knee,12.43
1780992219494,2026-06-09T08:03:39.494Z,left_knee,11.15
1780992219515,2026-06-09T08:03:39.515Z,left_knee,11.33
1780992219535,2026-06-09T08:03:39.535Z,left_knee,12.17
1780992219556,2026-06-09T08:03:39.556Z,left_knee,9.01
1780992219576,2026-06-09T08:03:39.576Z,left_knee,7.49
1780992219596,2026-06-09T08:03:39.596Z,left_knee,7.02
1780992219617,2026-06-09T08:03:39.617Z,left_knee,4.91
1780992219637,2026-06-09T08:03:39.637Z,left_knee,4.92
1780992219658,2026-06-09T08:03:39.658Z,left_knee,2.74
1780992219678,2026-06-09T08:03:39.678Z,left_knee,1.1
1780992219699,2026-06-09T08:03:39.699Z,left_knee,0.7
1780992219719,2026-06-09T08:03:39.719Z,left_knee,1.46
1780992219740,2026-06-09T08:03:39.740Z,left_knee,3.01
1780992219760,2026-06-09T08:03:39.760Z,left_knee,3.36
1780992219781,2026-06-09T08:03:39.781Z,left_knee,4.49
1780992219801,2026-06-09T08:03:39.801Z,left_knee,5.78
1780992219822,2026-06-09T08:03:39.822Z,left_knee,6.0
1780992219842,2026-06-09T08:03:39.842Z,left_knee,9.32
1780992219863,2026-06-09T08:03:39.863Z,left_knee,8.42
1780992219883,2026-06-09T08:03:39.883Z,left_knee,11.9
1780992219904,2026-06-09T08:03:39.904Z,left_knee,12.15
1780992219924,2026-06-09T08:03:39.924Z,left_knee,12.99
1780992219945,2026-06-09T08:03:39.945Z,left_knee,12.69
1780992219965,2026-06-09T08:03:39.965Z,left_knee,14.91
1780992219986,2026-06-09T08:03:39.986Z,left_knee,16.79
1780992220006,2026-06-09T08:03:40.006Z,left_knee,16.69
1780992220027,2026-06-09T08:03:40.027Z,left_knee,19.15
1780992220047,2026-06-09T08:03:40.047Z,left_knee,19.8
1780992220068,2026-06-09T08:03:40.068Z,left_knee,17.39
1780992220088,2026-06-09T08:03:40.088Z,left_knee,19.04
1780992220108,2026-06-09T08:03:40.108Z,left_knee,20.88
1780992220129,2026-06-09T08:03:40.129Z,left_knee,18.78
1780992220149,2026-06-09T08:03:40.149Z,left_knee,19.9
1780992220170,2026-06-09T08:03:40.170Z,left_knee,21.84
1780992220191,2026-06-09T08:03:40.191Z,left_knee,20.77
1780992220211,2026-06-09T08:03:40.211Z,left_knee,21.72
1780992220232,2026-06-09T08:03:40.232Z,left_knee,21.61
1780992220252,2026-06-09T08:03:40.252Z,left_knee,22.86
1780992220273,2026-06-09T08:03:40.273Z,left_knee,20.09
1780992220293,2026-06-09T08:03:40.293Z,left_knee,20.32
1780992220313,2026-06-09T08:03:40.313Z,left_knee,19.58
1780992220334,2026-06-09T08:03:40.334Z,left_knee,18.04
1780992220355,2026-06-09T08:03:40.355Z,left_knee,16.95
1780992220375,2026-06-09T08:03:40.375Z,left_knee,17.61
1780992220396,2026-06-09T08:03:40.396Z,left_knee,18.48
1780992220416,2026-06-09T08:03:40.416Z,left_knee,15.65
1780992220436,2026-06-09T08:03:40.436Z,left_knee,16.8
1780992220457,2026-06-09T08:03:40.457Z,left_knee,15.7
1780992220477,2026-06-09T08:03:40.477Z,left_knee,12.93
1780992220498,2026-06-09T08:03:40.498Z,left_knee,11.19
1780992220519,2026-06-09T08:03:40.519Z,left_knee,10.54
1780992220539,2026-06-09T08:03:40.539Z,left_knee,10.23
1780992220559,2026-06-09T08:03:40.559Z,left_knee,10.07
1780992220579,2026-06-09T08:03:40.579Z,left_knee,8.13
1780992220600,2026-06-09T08:03:40.600Z,left_knee,6.64
1780992220620,2026-06-09T08:03:40.620Z,left_knee,4.17
1780992220640,2026-06-09T08:03:40.640Z,left_knee,3.95
1780992220661,2026-06-09T08:03:40.661Z,left_knee,3.11
1780992220681,2026-06-09T08:03:40.681Z,left_knee,1.25
1780992220702,2026-06-09T08:03:40.702Z,left_knee,0.05
1780992220723,2026-06-09T08:03:40.723Z,left_knee,0.53
1780992220743,2026-06-09T08:03:40.743Z,left_knee,2.46
1780992220763,2026-06-09T08:03:40.763Z,left_knee,4.74
1780992220784,2026-06-09T08:03:40.784Z,left_knee,5.37
1780992220804,2026-06-09T08:03:40.804Z,left_knee,5.01
1780992220825,2026-06-09T08:03:40.825Z,left_knee,6.81
1780992220845,2026-06-09T08:03:40.845Z,left_knee,9.71
1780992220866,2026-06-09T08:03:40.866Z,left_knee,10.61
1780992220886,2026-06-09T08:03:40.886Z,left_knee,10.4
1780992220907,2026-06-09T08:03:40.907Z,left_knee,11.3
1780992220927,2026-06-09T08:03:40.927Z,left_knee,11.9
1780992220948,2026-06-09T08:03:40.948Z,left_knee,14.45
1780992220968,2026-06-09T08:03:40.968Z,left_knee,13.29
1780992220989,2026-06-09T08:03:40.989Z,left_knee,16.07
1780992221010,2026-06-09T08:03:41.010Z,left_knee,15.75
1780992221030,2026-06-09T08:03:41.030Z,left_knee,17.99
1780992221050,2026-06-09T08:03:41.050Z,left_knee,18.6
1780992221071,2026-06-09T08:03:41.071Z,left_knee,20.34
1780992221092,2026-06-09T08:03:41.092Z,left_knee,19.79
1780992221112,2026-06-09T08:03:41.112Z,left_knee,20.48
1780992221132,2026-06-09T08:03:41.132Z,left_knee,21.23
1780992221153,2026-06-09T08:03:41.153Z,left_knee,20.47
1780992221173,2026-06-09T08:03:41.173Z,left_knee,21.68
1780992221194,2026-06-09T08:03:41.194Z,left_knee,21.35
1780992221214,2026-06-09T08:03:41.214Z,left_knee,21.68
1780992221234,2026-06-09T08:03:41.234Z,left_knee,21.72
1780992221255,2026-06-09T08:03:41.255Z,left_knee,21.37
1780992221275,2026-06-09T08:03:41.275Z,left_knee,21.2
1780992221296,2026-06-09T08:03:41.296Z,left_knee,19.28
1780992221316,2026-06-09T08:03:41.316Z,left_knee,20.53
1780992221337,2026-06-09T08:03:41.337Z,left_knee,20.03
1780992221357,2026-06-09T08:03:41.357Z,left_knee,18.38
1780992221377,2026-06-09T08:03:41.377Z,left_knee,18.37
1780992221398,2026-06-09T08:03:41.398Z,left_knee,15.71
1780992221418,2026-06-09T08:03:41.418Z,left_knee,14.9
1780992221439,2026-06-09T08:03:41.439Z,left_knee,16.48
1780992221459,2026-06-09T08:03:41.459Z,left_knee,15.47
1780992221480,2026-06-09T08:03:41.480Z,left_knee,12.27
1780992221500,2026-06-09T08:03:41.500Z,left_knee,11.61
1780992221521,2026-06-09T08:03:41.521Z,left_knee,10.79
1780992221541,2026-06-09T08:03:41.541Z,left_knee,9.91
1780992221562,2026-06-09T08:03:41.562Z,left_knee,10.04
1780992221582,2026-06-09T08:03:41.582Z,left_knee,7.11
1780992221603,2026-06-09T08:03:41.603Z,left_knee,4.94
1780992221623,2026-06-09T08:03:41.623Z,left_knee,5.07
1780992221643,2026-06-09T08:03:41.643Z,left_knee,5.76
1780992221664,2026-06-09T08:03:41.664Z,left_knee,2.95
1780992221684,2026-06-09T08:03:41.684Z,left_knee,0.14
1780992221704,2026-06-09T08:03:41.704Z,left_knee,0.0
1780992221725,2026-06-09T08:03:41.725Z,left_knee,2.18
1780992221745,2026-06-09T08:03:41.745Z,left_knee,2.31
1780992221766,2026-06-09T08:03:41.766Z,left_knee,3.77
1780992221786,2026-06-09T08:03:41.786Z,left_knee,5.52
1780992221807,2026-06-09T08:03:41.807Z,left_knee,6.55
1780992221827,2026-06-09T08:03:41.827Z,left_knee,8.08
1780992221848,2026-06-09T08:03:41.848Z,left_knee,9.08
1780992221868,2026-06-09T08:03:41.868Z,left_knee,8.42
1780992221888,2026-06-09T08:03:41.888Z,left_knee,11.31
1780992221909,2026-06-09T08:03:41.909Z,left_knee,9.78
1780992221929,2026-06-09T08:03:41.929Z,left_knee,13.9
1780992221950,2026-06-09T08:03:41.950Z,left_knee,14.62
1780992221970,2026-06-09T08:03:41.970Z,left_knee,16.76
1780992221991,2026-06-09T08:03:41.991Z,left_knee,16.55
1780992222011,2026-06-09T08:03:42.011Z,left_knee,17.97
1780992222032,2026-06-09T08:03:42.032Z,left_knee,17.54
1780992222052,2026-06-09T08:03:42.052Z,left_knee,19.08
1780992222072,2026-06-09T08:03:42.072Z,left_knee,19.17
1780992222094,2026-06-09T08:03:42.094Z,left_knee,20.0
1780992222114,2026-06-09T08:03:42.114Z,left_knee,20.1
1780992222135,2026-06-09T08:03:42.135Z,left_knee,22.46
1780992222155,2026-06-09T08:03:42.155Z,left_knee,21.26
1780992222176,2026-06-09T08:03:42.176Z,left_knee,22.94
1780992222196,2026-06-09T08:03:42.196Z,left_knee,20.31
1780992222217,2026-06-09T08:03:42.217Z,left_knee,22.64
1780992222237,2026-06-09T08:03:42.237Z,left_knee,20.83
1780992222258,2026-06-09T08:03:42.258Z,left_knee,22.57
1780992222278,2026-06-09T08:03:42.278Z,left_knee,21.07
1780992222299,2026-06-09T08:03:42.299Z,left_knee,18.64
1780992222319,2026-06-09T08:03:42.319Z,left_knee,18.25
1780992222340,2026-06-09T08:03:42.340Z,left_knee,19.59
1780992222360,2026-06-09T08:03:42.360Z,left_knee,19.48
1780992222381,2026-06-09T08:03:42.381Z,left_knee,17.54
1780992222401,2026-06-09T08:03:42.401Z,left_knee,16.51
1780992222422,2026-06-09T08:03:42.422Z,left_knee,15.41
1780992222442,2026-06-09T08:03:42.442Z,left_knee,15.11
1780992222462,2026-06-09T08:03:42.462Z,left_knee,14.32
1780992222483,2026-06-09T08:03:42.483Z,left_knee,12.13
1780992222503,2026-06-09T08:03:42.503Z,left_knee,11.67
1780992222524,2026-06-09T08:03:42.524Z,left_knee,10.6
1780992222544,2026-06-09T08:03:42.544Z,left_knee,9.82
1780992222565,2026-06-09T08:03:42.565Z,left_knee,9.24
1780992222585,2026-06-09T08:03:42.585Z,left_knee,6.82
1780992222606,2026-06-09T08:03:42.606Z,left_knee,6.19
1780992222626,2026-06-09T08:03:42.626Z,left_knee,3.96
1780992222646,2026-06-09T08:03:42.646Z,left_knee,2.96
1780992222667,2026-06-09T08:03:42.667Z,left_knee,2.51
1780992222688,2026-06-09T08:03:42.688Z,left_knee,1.35
1780992222708,2026-06-09T08:03:42.708Z,left_knee,2.2
1780992222728,2026-06-09T08:03:42.728Z,left_knee,0.88
1780992222748,2026-06-09T08:03:42.748Z,left_knee,2.63
1780992222769,2026-06-09T08:03:42.769Z,left_knee,4.1
1780992222789,2026-06-09T08:03:42.789Z,left_knee,5.61
1780992222810,2026-06-09T08:03:42.810Z,left_knee,5.41
1780992222830,2026-06-09T08:03:42.830Z,left_knee,8.53
1780992222850,2026-06-09T08:03:42.850Z,left_knee,7.11
1780992222871,2026-06-09T08:03:42.871Z,left_knee,8.27
1780992222891,2026-06-09T08:03:42.891Z,left_knee,11.58
1780992222912,2026-06-09T08:03:42.912Z,left_knee,11.19
1780992222932,2026-06-09T08:03:42.932Z,left_knee,11.84
1780992222953,2026-06-09T08:03:42.953Z,left_knee,14.25
1780992222973,2026-06-09T08:03:42.973Z,left_knee,16.82
1780992222994,2026-06-09T08:03:42.994Z,left_knee,16.53
1780992223015,2026-06-09T08:03:43.015Z,left_knee,17.18
1780992223035,2026-06-09T08:03:43.035Z,left_knee,20.13
1780992223055,2026-06-09T08:03:43.055Z,left_knee,18.32
1780992223076,2026-06-09T08:03:43.076Z,left_knee,20.64
1780992223097,2026-06-09T08:03:43.097Z,left_knee,20.31
1780992223117,2026-06-09T08:03:43.117Z,left_knee,20.82
1780992223138,2026-06-09T08:03:43.138Z,left_knee,21.91
1780992223158,2026-06-09T08:03:43.158Z,left_knee,22.51
1780992223179,2026-06-09T08:03:43.179Z,left_knee,21.2
1780992223199,2026-06-09T08:03:43.199Z,left_knee,20.14
1780992223220,2026-06-09T08:03:43.220Z,left_knee,22.2
1780992223241,2026-06-09T08:03:43.241Z,left_knee,22.93
1780992223261,2026-06-09T08:03:43.261Z,left_knee,19.75
1780992223282,2026-06-09T08:03:43.282Z,left_knee,19.64
1780992223303,2026-06-09T08:03:43.303Z,left_knee,22.37
1780992223323,2026-06-09T08:03:43.323Z,left_knee,20.71
1780992223344,2026-06-09T08:03:43.344Z,left_knee,19.6
1780992223364,2026-06-09T08:03:43.364Z,left_knee,18.32
1780992223385,2026-06-09T08:03:43.385Z,left_knee,17.41
1780992223406,2026-06-09T08:03:43.406Z,left_knee,16.37
1780992223426,2026-06-09T08:03:43.426Z,left_knee,17.41
1780992223446,2026-06-09T08:03:43.446Z,left_knee,13.87
1780992223467,2026-06-09T08:03:43.467Z,left_knee,14.42
1780992223487,2026-06-09T08:03:43.487Z,left_knee,12.99
1780992223508,2026-06-09T08:03:43.508Z,left_knee,11.38
1780992223528,2026-06-09T08:03:43.528Z,left_knee,9.26
1780992223549,2026-06-09T08:03:43.549Z,left_knee,8.32
1780992223569,2026-06-09T08:03:43.569Z,left_knee,9.88
1780992223589,2026-06-09T08:03:43.589Z,left_knee,8.12
1780992223610,2026-06-09T08:03:43.610Z,left_knee,6.28
1780992223630,2026-06-09T08:03:43.630Z,left_knee,4.69
1780992223650,2026-06-09T08:03:43.650Z,left_knee,3.48
1780992223671,2026-06-09T08:03:43.671Z,left_knee,2.58
1780992223691,2026-06-09T08:03:43.691Z,left_knee,0.09
1780992223712,2026-06-09T08:03:43.712Z,left_knee,1.01
1780992223732,2026-06-09T08:03:43.732Z,left_knee,2.3
1780992223753,2026-06-09T08:03:43.753Z,left_knee,4.63
1780992223773,2026-06-09T08:03:43.773Z,left_knee,4.07
1780992223794,2026-06-09T08:03:43.794Z,left_knee,4.62
1780992223814,2026-06-09T08:03:43.814Z,left_knee,8.4
1780992223835,2026-06-09T08:03:43.835Z,left_knee,8.33
1780992223855,2026-06-09T08:03:43.855Z,left_knee,9.81
1780992223875,2026-06-09T08:03:43.875Z,left_knee,11.05
1780992223896,2026-06-09T08:03:43.896Z,left_knee,12.03
1780992223916,2026-06-09T08:03:43.916Z,left_knee,12.46
1780992223937,2026-06-09T08:03:43.937Z,left_knee,13.12
1780992223957,2026-06-09T08:03:43.957Z,left_knee,13.44
1780992223978,2026-06-09T08:03:43.978Z,left_knee,16.56
1780992223998,2026-06-09T08:03:43.998Z,left_knee,14.72
1780992224019,2026-06-09T08:03:44.019Z,left_knee,16.78
1780992224039,2026-06-09T08:03:44.039Z,left_knee,18.43
1780992224060,2026-06-09T08:03:44.060Z,left_knee,19.39
1780992224080,2026-06-09T08:03:44.080Z,left_knee,18.94
1780992224101,2026-06-09T08:03:44.101Z,left_knee,20.85
1780992224121,2026-06-09T08:03:44.121Z,left_knee,18.87
1780992224142,2026-06-09T08:03:44.142Z,left_knee,18.75
1780992224162,2026-06-09T08:03:44.162Z,left_knee,22.01
1780992224183,2026-06-09T08:03:44.183Z,left_knee,22.37
1780992224203,2026-06-09T08:03:44.203Z,left_knee,21.52
1780992224223,2026-06-09T08:03:44.223Z,left_knee,21.57
1780992224244,2026-06-09T08:03:44.244Z,left_knee,20.76
1780992224264,2026-06-09T08:03:44.264Z,left_knee,22.69
1780992224285,2026-06-09T08:03:44.285Z,left_knee,19.83
1780992224306,2026-06-09T08:03:44.306Z,left_knee,19.66
1780992224326,2026-06-09T08:03:44.326Z,left_knee,20.59
1780992224346,2026-06-09T08:03:44.346Z,left_knee,18.57
1780992224366,2026-06-09T08:03:44.366Z,left_knee,17.51
1780992224387,2026-06-09T08:03:44.387Z,left_knee,17.42
1780992224408,2026-06-09T08:03:44.408Z,left_knee,15.56
1780992224428,2026-06-09T08:03:44.428Z,left_knee,15.89
1780992224449,2026-06-09T08:03:44.449Z,left_knee,15.97
1780992224469,2026-06-09T08:03:44.469Z,left_knee,14.09
1780992224490,2026-06-09T08:03:44.490Z,left_knee,13.29
1780992224510,2026-06-09T08:03:44.510Z,left_knee,12.14
1780992224531,2026-06-09T08:03:44.531Z,left_knee,10.74
1780992224551,2026-06-09T08:03:44.551Z,left_knee,9.28
1780992224572,2026-06-09T08:03:44.572Z,left_knee,8.75
1780992224592,2026-06-09T08:03:44.592Z,left_knee,7.02
1780992224612,2026-06-09T08:03:44.612Z,left_knee,5.44
1780992224633,2026-06-09T08:03:44.633Z,left_knee,5.28
1780992224653,2026-06-09T08:03:44.653Z,left_knee,3.63
1780992224673,2026-06-09T08:03:44.673Z,left_knee,2.49
1780992224694,2026-06-09T08:03:44.694Z,left_knee,1.29
1780992224714,2026-06-09T08:03:44.714Z,left_knee,0.39
1780992224735,2026-06-09T08:03:44.735Z,left_knee,1.78
1780992224755,2026-06-09T08:03:44.755Z,left_knee,3.92
1780992224775,2026-06-09T08:03:44.775Z,left_knee,5.66
1780992224796,2026-06-09T08:03:44.796Z,left_knee,3.86
1780992224816,2026-06-09T08:03:44.816Z,left_knee,7.11
1780992224836,2026-06-09T08:03:44.836Z,left_knee,6.58
1780992224857,2026-06-09T08:03:44.857Z,left_knee,9.03
1780992224877,2026-06-09T08:03:44.877Z,left_knee,9.89
1780992224897,2026-06-09T08:03:44.897Z,left_knee,11.06
1780992224918,2026-06-09T08:03:44.918Z,left_knee,10.65
1780992224938,2026-06-09T08:03:44.938Z,left_knee,15.09
1780992224958,2026-06-09T08:03:44.958Z,left_knee,15.44
1780992224979,2026-06-09T08:03:44.979Z,left_knee,17.18
1780992224999,2026-06-09T08:03:44.999Z,left_knee,16.69
1780992225020,2026-06-09T08:03:45.020Z,left_knee,16.85
1780992225040,2026-06-09T08:03:45.040Z,left_knee,18.29
1780992225061,2026-06-09T08:03:45.061Z,left_knee,18.24
1780992225081,2026-06-09T08:03:45.081Z,left_knee,21.43
1780992225101,2026-06-09T08:03:45.101Z,left_knee,20.38
1780992225122,2026-06-09T08:03:45.122Z,left_knee,19.78
1780992225142,2026-06-09T08:03:45.142Z,left_knee,21.25
1780992225162,2026-06-09T08:03:45.162Z,left_knee,19.98
1780992225183,2026-06-09T08:03:45.183Z,left_knee,21.64
1780992225203,2026-06-09T08:03:45.203Z,left_knee,19.27
1780992225224,2026-06-09T08:03:45.224Z,left_knee,21.6
1780992225244,2026-06-09T08:03:45.244Z,left_knee,21.74
1780992225264,2026-06-09T08:03:45.264Z,left_knee,20.82
1780992225285,2026-06-09T08:03:45.285Z,left_knee,22.07
1780992225305,2026-06-09T08:03:45.305Z,left_knee,21.02
1780992225325,2026-06-09T08:03:45.325Z,left_knee,18.89
1780992225346,2026-06-09T08:03:45.346Z,left_knee,18.24
1780992225366,2026-06-09T08:03:45.366Z,left_knee,18.74
1780992225387,2026-06-09T08:03:45.387Z,left_knee,17.98
1780992225407,2026-06-09T08:03:45.407Z,left_knee,15.4
1780992225427,2026-06-09T08:03:45.427Z,left_knee,15.91
1780992225448,2026-06-09T08:03:45.448Z,left_knee,12.47
1780992225468,2026-06-09T08:03:45.468Z,left_knee,12.32
1780992225488,2026-06-09T08:03:45.488Z,left_knee,12.88
1780992225509,2026-06-09T08:03:45.509Z,left_knee,11.41
1780992225529,2026-06-09T08:03:45.529Z,left_knee,10.88
1780992225550,2026-06-09T08:03:45.550Z,left_knee,7.88
1780992225570,2026-06-09T08:03:45.570Z,left_knee,8.07
1780992225590,2026-06-09T08:03:45.590Z,left_knee,8.18
1780992225611,2026-06-09T08:03:45.611Z,left_knee,4.93
1780992225631,2026-06-09T08:03:45.631Z,left_knee,4.08
1780992225652,2026-06-09T08:03:45.652Z,left_knee,3.24
1780992225672,2026-06-09T08:03:45.672Z,left_knee,1.41
1780992225693,2026-06-09T08:03:45.693Z,left_knee,1.28
1780992225713,2026-06-09T08:03:45.713Z,left_knee,0.33
1780992225734,2026-06-09T08:03:45.734Z,left_knee,1.1
1780992225754,2026-06-09T08:03:45.754Z,left_knee,2.7
1780992225774,2026-06-09T08:03:45.774Z,left_knee,3.33
1780992225795,2026-06-09T08:03:45.795Z,left_knee,7.33
1780992225815,2026-06-09T08:03:45.815Z,left_knee,6.78
1780992225836,2026-06-09T08:03:45.836Z,left_knee,8.35
1780992225856,2026-06-09T08:03:45.856Z,left_knee,8.65
1780992225876,2026-06-09T08:03:45.876Z,left_knee,9.32
1780992225897,2026-06-09T08:03:45.897Z,left_knee,10.76
1780992225917,2026-06-09T08:03:45.917Z,left_knee,11.64
1780992225938,2026-06-09T08:03:45.938Z,left_knee,10.67
1780992225958,2026-06-09T08:03:45.958Z,left_knee,13.81
1780992225979,2026-06-09T08:03:45.979Z,left_knee,16.8
1780992225999,2026-06-09T08:03:45.999Z,left_knee,16.31
1780992226020,2026-06-09T08:03:46.020Z,left_knee,18.19
1780992226040,2026-06-09T08:03:46.040Z,left_knee,17.3
1780992226061,2026-06-09T08:03:46.061Z,left_knee,18.0
1780992226081,2026-06-09T08:03:46.081Z,left_knee,19.34
1780992226102,2026-06-09T08:03:46.102Z,left_knee,20.88
1780992226122,2026-06-09T08:03:46.122Z,left_knee,20.49
1780992226143,2026-06-09T08:03:46.143Z,left_knee,19.64
1780992226163,2026-06-09T08:03:46.163Z,left_knee,19.64
1780992226183,2026-06-09T08:03:46.183Z,left_knee,22.2
1780992226203,2026-06-09T08:03:46.203Z,left_knee,19.95
1780992226224,2026-06-09T08:03:46.224Z,left_knee,21.16
1780992226245,2026-06-09T08:03:46.245Z,left_knee,21.1
1780992226265,2026-06-09T08:03:46.265Z,left_knee,19.88
1780992226286,2026-06-09T08:03:46.286Z,left_knee,19.79
1780992226307,2026-06-09T08:03:46.307Z,left_knee,20.12
1780992226328,2026-06-09T08:03:46.328Z,left_knee,19.67
1780992226348,2026-06-09T08:03:46.348Z,left_knee,18.95
1780992226369,2026-06-09T08:03:46.369Z,left_knee,18.92
1780992226389,2026-06-09T08:03:46.389Z,left_knee,16.98
1780992226410,2026-06-09T08:03:46.410Z,left_knee,16.67
1780992226431,2026-06-09T08:03:46.431Z,left_knee,15.47
1780992226451,2026-06-09T08:03:46.451Z,left_knee,15.59
1780992226472,2026-06-09T08:03:46.472Z,left_knee,14.41
1780992226492,2026-06-09T08:03:46.492Z,left_knee,10.06
1780992226513,2026-06-09T08:03:46.513Z,left_knee,9.67
1780992226534,2026-06-09T08:03:46.534Z,left_knee,11.02
1780992226554,2026-06-09T08:03:46.554Z,left_knee,9.78
1780992226575,2026-06-09T08:03:46.575Z,left_knee,8.91
1780992226595,2026-06-09T08:03:46.595Z,left_knee,7.5
1780992226616,2026-06-09T08:03:46.616Z,left_knee,5.24
1780992226636,2026-06-09T08:03:46.636Z,left_knee,4.76
1780992226656,2026-06-09T08:03:46.656Z,left_knee,2.3
1780992226677,2026-06-09T08:03:46.677Z,left_knee,3.66
1780992226697,2026-06-09T08:03:46.697Z,left_knee,1.44
1780992226718,2026-06-09T08:03:46.718Z,left_knee,1.23
1780992226738,2026-06-09T08:03:46.738Z,left_knee,2.35
1780992226758,2026-06-09T08:03:46.758Z,left_knee,2.44
1780992226779,2026-06-09T08:03:46.779Z,left_knee,3.69
1780992226799,2026-06-09T08:03:46.799Z,left_knee,7.0
1780992226820,2026-06-09T08:03:46.820Z,left_knee,6.22
1780992226840,2026-06-09T08:03:46.840Z,left_knee,8.78
1780992226860,2026-06-09T08:03:46.860Z,left_knee,9.88
1780992226881,2026-06-09T08:03:46.881Z,left_knee,9.25
1780992226901,2026-06-09T08:03:46.901Z,left_knee,9.93
1780992226922,2026-06-09T08:03:46.922Z,left_knee,12.74
1780992226942,2026-06-09T08:03:46.942Z,left_knee,13.73
1780992226963,2026-06-09T08:03:46.963Z,left_knee,16.07
1780992226983,2026-06-09T08:03:46.983Z,left_knee,15.81
1780992227004,2026-06-09T08:03:47.004Z,left_knee,17.64
1780992227024,2026-06-09T08:03:47.024Z,left_knee,17.01
1780992227044,2026-06-09T08:03:47.044Z,left_knee,17.66
1780992227065,2026-06-09T08:03:47.065Z,left_knee,17.17
1780992227086,2026-06-09T08:03:47.086Z,left_knee,18.35
1780992227106,2026-06-09T08:03:47.106Z,left_knee,22.55
1780992227126,2026-06-09T08:03:47.126Z,left_knee,21.31
1780992227147,2026-06-09T08:03:47.147Z,left_knee,20.18
1780992227167,2026-06-09T08:03:47.167Z,left_knee,22.39
1780992227188,2026-06-09T08:03:47.188Z,left_knee,19.81
1780992227208,2026-06-09T08:03:47.208Z,left_knee,20.76
1780992227229,2026-06-09T08:03:47.229Z,left_knee,20.52
1780992227249,2026-06-09T08:03:47.249Z,left_knee,21.2
1780992227270,2026-06-09T08:03:47.270Z,left_knee,20.56
1780992227290,2026-06-09T08:03:47.290Z,left_knee,20.74
1780992227311,2026-06-09T08:03:47.311Z,left_knee,20.97
1780992227332,2026-06-09T08:03:47.332Z,left_knee,18.6
1780992227352,2026-06-09T08:03:47.352Z,left_knee,19.49
1780992227373,2026-06-09T08:03:47.373Z,left_knee,18.08
1780992227393,2026-06-09T08:03:47.393Z,left_knee,17.38
1780992227413,2026-06-09T08:03:47.413Z,left_knee,16.71
1780992227434,2026-06-09T08:03:47.434Z,left_knee,15.55
1780992227454,2026-06-09T08:03:47.454Z,left_knee,15.65
1780992227474,2026-06-09T08:03:47.474Z,left_knee,12.77
1780992227495,2026-06-09T08:03:47.495Z,left_knee,12.83
1780992227515,2026-06-09T08:03:47.515Z,left_knee,10.36
1780992227536,2026-06-09T08:03:47.536Z,left_knee,10.68
1780992227556,2026-06-09T08:03:47.556Z,left_knee,8.68
1780992227576,2026-06-09T08:03:47.576Z,left_knee,6.82
1780992227597,2026-06-09T08:03:47.597Z,left_knee,7.49
1780992227617,2026-06-09T08:03:47.617Z,left_knee,4.7
1780992227637,2026-06-09T08:03:47.637Z,left_knee,4.57
1780992227658,2026-06-09T08:03:47.658Z,left_knee,0.96
1780992227678,2026-06-09T08:03:47.678Z,left_knee,1.91
1780992227699,2026-06-09T08:03:47.699Z,left_knee,0.05
1780992227719,2026-06-09T08:03:47.719Z,left_knee,0.54
1780992227740,2026-06-09T08:03:47.740Z,left_knee,2.33
1780992227760,2026-06-09T08:03:47.760Z,left_knee,3.72
1780992227781,2026-06-09T08:03:47.781Z,left_knee,4.19
1780992227801,2026-06-09T08:03:47.801Z,left_knee,4.99
1780992227822,2026-06-09T08:03:47.822Z,left_knee,7.8
1780992227842,2026-06-09T08:03:47.842Z,left_knee,9.01
1780992227862,2026-06-09T08:03:47.862Z,left_knee,8.6
1780992227883,2026-06-09T08:03:47.883Z,left_knee,9.85
1780992227904,2026-06-09T08:03:47.904Z,left_knee,12.03
1780992227924,2026-06-09T08:03:47.924Z,left_knee,13.77
1780992227944,2026-06-09T08:03:47.944Z,left_knee,14.58
1780992227964,2026-06-09T08:03:47.964Z,left_knee,14.68
1780992227985,2026-06-09T08:03:47.985Z,left_knee,15.49
1780992228007,2026-06-09T08:03:48.007Z,left_knee,16.62
1780992228027,2026-06-09T08:03:48.027Z,left_knee,18.29
1780992228048,2026-06-09T08:03:48.048Z,left_knee,18.45
1780992228068,2026-06-09T08:03:48.068Z,left_knee,18.18
1780992228088,2026-06-09T08:03:48.088Z,left_knee,20.78
1780992228109,2026-06-09T08:03:48.109Z,left_knee,21.5
1780992228129,2026-06-09T08:03:48.129Z,left_knee,19.96
1780992228150,2026-06-09T08:03:48.150Z,left_knee,21.48
1780992228170,2026-06-09T08:03:48.170Z,left_knee,20.15
1780992228190,2026-06-09T08:03:48.190Z,left_knee,21.68
1780992228211,2026-06-09T08:03:48.211Z,left_knee,20.96
1780992228231,2026-06-09T08:03:48.231Z,left_knee,21.19
1780992228251,2026-06-09T08:03:48.251Z,left_knee,21.63
1780992228272,2026-06-09T08:03:48.272Z,left_knee,21.36
1780992228292,2026-06-09T08:03:48.292Z,left_knee,20.55
1780992228313,2026-06-09T08:03:48.313Z,left_knee,17.84
1780992228334,2026-06-09T08:03:48.334Z,left_knee,19.76
1780992228354,2026-06-09T08:03:48.354Z,left_knee,19.42
1780992228375,2026-06-09T08:03:48.375Z,left_knee,18.31
1780992228395,2026-06-09T08:03:48.395Z,left_knee,16.43
1780992228416,2026-06-09T08:03:48.416Z,left_knee,17.31
1780992228436,2026-06-09T08:03:48.436Z,left_knee,15.06
1780992228457,2026-06-09T08:03:48.457Z,left_knee,15.05
1780992228477,2026-06-09T08:03:48.477Z,left_knee,12.57
1780992228498,2026-06-09T08:03:48.498Z,left_knee,11.77
1780992228519,2026-06-09T08:03:48.519Z,left_knee,11.96
1780992228539,2026-06-09T08:03:48.539Z,left_knee,9.16
1780992228560,2026-06-09T08:03:48.560Z,left_knee,7.32
1780992228581,2026-06-09T08:03:48.581Z,left_knee,5.31
1780992228601,2026-06-09T08:03:48.601Z,left_knee,5.5
1780992228622,2026-06-09T08:03:48.622Z,left_knee,5.93
1780992228642,2026-06-09T08:03:48.642Z,left_knee,4.64
1780992228662,2026-06-09T08:03:48.662Z,left_knee,2.53
1780992228683,2026-06-09T08:03:48.683Z,left_knee,0.34
1780992228703,2026-06-09T08:03:48.703Z,left_knee,1.81
1780992228724,2026-06-09T08:03:48.724Z,left_knee,0.6
1780992228744,2026-06-09T08:03:48.744Z,left_knee,1.98
1780992228765,2026-06-09T08:03:48.765Z,left_knee,2.51
1780992228785,2026-06-09T08:03:48.785Z,left_knee,3.86
1780992228805,2026-06-09T08:03:48.805Z,left_knee,4.82
1780992228826,2026-06-09T08:03:48.826Z,left_knee,6.41
1780992228846,2026-06-09T08:03:48.846Z,left_knee,8.16
1780992228866,2026-06-09T08:03:48.866Z,left_knee,10.34
1780992228887,2026-06-09T08:03:48.887Z,left_knee,10.76
1780992228908,2026-06-09T08:03:48.908Z,left_knee,12.19
1780992228928,2026-06-09T08:03:48.928Z,left_knee,12.59
1780992228949,2026-06-09T08:03:48.949Z,left_knee,14.45
1780992228969,2026-06-09T08:03:48.969Z,left_knee,14.34
1780992228989,2026-06-09T08:03:48.989Z,left_knee,16.88
1780992229010,2026-06-09T08:03:49.010Z,left_knee,16.7
1780992229030,2026-06-09T08:03:49.030Z,left_knee,18.83
1780992229051,2026-06-09T08:03:49.051Z,left_knee,17.59
1780992229071,2026-06-09T08:03:49.071Z,left_knee,17.48
1780992229091,2026-06-09T08:03:49.091Z,left_knee,19.55
1780992229112,2026-06-09T08:03:49.112Z,left_knee,21.96
1780992229133,2026-06-09T08:03:49.133Z,left_knee,19.92
1780992229153,2026-06-09T08:03:49.153Z,left_knee,21.65
1780992229174,2026-06-09T08:03:49.174Z,left_knee,21.31
1780992229194,2026-06-09T08:03:49.194Z,left_knee,21.12
1780992229214,2026-06-09T08:03:49.214Z,left_knee,19.96
1780992229235,2026-06-09T08:03:49.235Z,left_knee,20.43
1780992229255,2026-06-09T08:03:49.255Z,left_knee,22.4
1780992229275,2026-06-09T08:03:49.275Z,left_knee,22.41
1780992229296,2026-06-09T08:03:49.296Z,left_knee,20.26
1780992229316,2026-06-09T08:03:49.316Z,left_knee,21.27
1780992229337,2026-06-09T08:03:49.337Z,left_knee,18.62
1780992229357,2026-06-09T08:03:49.357Z,left_knee,19.0
1780992229378,2026-06-09T08:03:49.378Z,left_knee,18.34
1780992229398,2026-06-09T08:03:49.398Z,left_knee,16.55
1780992229418,2026-06-09T08:03:49.418Z,left_knee,16.34
1780992229439,2026-06-09T08:03:49.439Z,left_knee,13.22
1780992229459,2026-06-09T08:03:49.459Z,left_knee,15.36
1780992229479,2026-06-09T08:03:49.479Z,left_knee,13.22
1780992229500,2026-06-09T08:03:49.500Z,left_knee,11.67
1780992229520,2026-06-09T08:03:49.520Z,left_knee,10.04
1780992229540,2026-06-09T08:03:49.540Z,left_knee,9.1
1780992229561,2026-06-09T08:03:49.561Z,left_knee,8.5
1780992229581,2026-06-09T08:03:49.581Z,left_knee,6.23
1780992229602,2026-06-09T08:03:49.602Z,left_knee,6.98
1780992229622,2026-06-09T08:03:49.622Z,left_knee,4.78
1780992229643,2026-06-09T08:03:49.643Z,left_knee,3.47
1780992229663,2026-06-09T08:03:49.663Z,left_knee,2.18
1780992229684,2026-06-09T08:03:49.684Z,left_knee,1.03
1780992229704,2026-06-09T08:03:49.704Z,left_knee,0.76
1780992229725,2026-06-09T08:03:49.725Z,left_knee,1.74
1780992229745,2026-06-09T08:03:49.745Z,left_knee,1.72
1780992229766,2026-06-09T08:03:49.766Z,left_knee,4.36
1780992229786,2026-06-09T08:03:49.786Z,left_knee,6.08
1780992229806,2026-06-09T08:03:49.806Z,left_knee,5.26
1780992229827,2026-06-09T08:03:49.827Z,left_knee,7.41
1780992229847,2026-06-09T08:03:49.847Z,left_knee,8.89
1780992229867,2026-06-09T08:03:49.867Z,left_knee,9.25
1780992229888,2026-06-09T08:03:49.888Z,left_knee,12.25
1780992229909,2026-06-09T08:03:49.909Z,left_knee,12.4
1780992229929,2026-06-09T08:03:49.929Z,left_knee,13.99
1780992229949,2026-06-09T08:03:49.949Z,left_knee,15.31
1780992229970,2026-06-09T08:03:49.970Z,left_knee,15.63
1780992229990,2026-06-09T08:03:49.990Z,left_knee,17.11
1780992230011,2026-06-09T08:03:50.011Z,left_knee,16.57
1780992230031,2026-06-09T08:03:50.031Z,left_knee,17.22
1780992230052,2026-06-09T08:03:50.052Z,left_knee,17.81
1780992230072,2026-06-09T08:03:50.072Z,left_knee,18.82
1780992230092,2026-06-09T08:03:50.092Z,left_knee,20.46
1780992230113,2026-06-09T08:03:50.113Z,left_knee,20.67
1780992230133,2026-06-09T08:03:50.133Z,left_knee,21.24
1780992230154,2026-06-09T08:03:50.154Z,left_knee,20.04
1780992230174,2026-06-09T08:03:50.174Z,left_knee,20.1
1780992230194,2026-06-09T08:03:50.194Z,left_knee,24.26
1780992230215,2026-06-09T08:03:50.215Z,left_knee,19.95
1780992230235,2026-06-09T08:03:50.235Z,left_knee,21.91
1780992230256,2026-06-09T08:03:50.256Z,left_knee,19.91
1780992230276,2026-06-09T08:03:50.276Z,left_knee,21.0
1780992230297,2026-06-09T08:03:50.297Z,left_knee,21.87
1780992230318,2026-06-09T08:03:50.318Z,left_knee,22.1
1780992230338,2026-06-09T08:03:50.338Z,left_knee,19.62
1780992230358,2026-06-09T08:03:50.358Z,left_knee,17.52
1780992230379,2026-06-09T08:03:50.379Z,left_knee,17.82
1780992230399,2026-06-09T08:03:50.399Z,left_knee,17.57
1780992230420,2026-06-09T08:03:50.420Z,left_knee,13.97
1780992230440,2026-06-09T08:03:50.440Z,left_knee,13.8
1780992230461,2026-06-09T08:03:50.461Z,left_knee,14.76
1780992230481,2026-06-09T08:03:50.481Z,left_knee,12.05
1780992230501,2026-06-09T08:03:50.501Z,left_knee,12.37
1780992230522,2026-06-09T08:03:50.522Z,left_knee,9.55
1780992230542,2026-06-09T08:03:50.542Z,left_knee,10.92
1780992230562,2026-06-09T08:03:50.562Z,left_knee,8.37
1780992230582,2026-06-09T08:03:50.582Z,left_knee,7.26
1780992230603,2026-06-09T08:03:50.603Z,left_knee,6.03
1780992230623,2026-06-09T08:03:50.623Z,left_knee,6.5
1780992230643,2026-06-09T08:03:50.643Z,left_knee,3.29
1780992230664,2026-06-09T08:03:50.664Z,left_knee,2.92
1780992230684,2026-06-09T08:03:50.684Z,left_knee,0.15
1780992230705,2026-06-09T08:03:50.705Z,left_knee,0.64
1780992230725,2026-06-09T08:03:50.725Z,left_knee,1.64
1780992230745,2026-06-09T08:03:50.745Z,left_knee,2.58
1780992230766,2026-06-09T08:03:50.766Z,left_knee,2.79
1780992230786,2026-06-09T08:03:50.786Z,left_knee,4.61
1780992230807,2026-06-09T08:03:50.807Z,left_knee,5.32
1780992230827,2026-06-09T08:03:50.827Z,left_knee,8.83
1780992230847,2026-06-09T08:03:50.847Z,left_knee,9.0
1780992230868,2026-06-09T08:03:50.868Z,left_knee,9.59
1780992230888,2026-06-09T08:03:50.888Z,left_knee,14.24
1780992230909,2026-06-09T08:03:50.909Z,left_knee,12.93
1780992230929,2026-06-09T08:03:50.929Z,left_knee,12.97
1780992230950,2026-06-09T08:03:50.950Z,left_knee,14.13
1780992230971,2026-06-09T08:03:50.971Z,left_knee,14.77
1780992230991,2026-06-09T08:03:50.991Z,left_knee,15.39
1780992231012,2026-06-09T08:03:51.012Z,left_knee,16.6
1780992231032,2026-06-09T08:03:51.032Z,left_knee,17.84
1780992231053,2026-06-09T08:03:51.053Z,left_knee,17.79
1780992231073,2026-06-09T08:03:51.073Z,left_knee,19.06
1780992231093,2026-06-09T08:03:51.093Z,left_knee,21.69
1780992231114,2026-06-09T08:03:51.114Z,left_knee,22.68
1780992231134,2026-06-09T08:03:51.134Z,left_knee,21.43
1780992231155,2026-06-09T08:03:51.155Z,left_knee,21.93
1780992231175,2026-06-09T08:03:51.175Z,left_knee,20.84
1780992231195,2026-06-09T08:03:51.195Z,left_knee,22.0
1780992231216,2026-06-09T08:03:51.216Z,left_knee,19.96
1780992231236,2026-06-09T08:03:51.236Z,left_knee,20.56
1780992231257,2026-06-09T08:03:51.257Z,left_knee,21.8
1780992231277,2026-06-09T08:03:51.277Z,left_knee,22.23
1780992231298,2026-06-09T08:03:51.298Z,left_knee,21.09
1780992231318,2026-06-09T08:03:51.318Z,left_knee,18.34
1780992231339,2026-06-09T08:03:51.339Z,left_knee,18.43
1780992231360,2026-06-09T08:03:51.360Z,left_knee,18.3
1780992231380,2026-06-09T08:03:51.380Z,left_knee,17.97
1780992231400,2026-06-09T08:03:51.400Z,left_knee,17.95
1780992231421,2026-06-09T08:03:51.421Z,left_knee,17.33
1780992231441,2026-06-09T08:03:51.441Z,left_knee,14.31
1780992231461,2026-06-09T08:03:51.461Z,left_knee,14.91
1780992231482,2026-06-09T08:03:51.482Z,left_knee,13.5
1780992231502,2026-06-09T08:03:51.502Z,left_knee,13.18
1780992231523,2026-06-09T08:03:51.523Z,left_knee,11.0
1780992231543,2026-06-09T08:03:51.543Z,left_knee,8.94
1780992231564,2026-06-09T08:03:51.564Z,left_knee,9.79
1780992231584,2026-06-09T08:03:51.584Z,left_knee,6.55
1780992231605,2026-06-09T08:03:51.605Z,left_knee,6.24
1780992231625,2026-06-09T08:03:51.625Z,left_knee,4.68
1780992231646,2026-06-09T08:03:51.646Z,left_knee,3.33
1780992231667,2026-06-09T08:03:51.667Z,left_knee,2.39
1780992231687,2026-06-09T08:03:51.687Z,left_knee,1.35
1780992231707,2026-06-09T08:03:51.707Z,left_knee,0.95
1780992231728,2026-06-09T08:03:51.728Z,left_knee,1.32
1780992231748,2026-06-09T08:03:51.748Z,left_knee,3.24
1780992231769,2026-06-09T08:03:51.769Z,left_knee,2.55
1780992231789,2026-06-09T08:03:51.789Z,left_knee,4.62
1780992231809,2026-06-09T08:03:51.809Z,left_knee,6.4
1780992231830,2026-06-09T08:03:51.830Z,left_knee,7.47
1780992231850,2026-06-09T08:03:51.850Z,left_knee,7.87
1780992231871,2026-06-09T08:03:51.871Z,left_knee,11.25
1780992231891,2026-06-09T08:03:51.891Z,left_knee,12.18
1780992231912,2026-06-09T08:03:51.912Z,left_knee,13.99
1780992231932,2026-06-09T08:03:51.932Z,left_knee,12.69
1780992231953,2026-06-09T08:03:51.953Z,left_knee,14.82
1780992231973,2026-06-09T08:03:51.973Z,left_knee,14.42
1780992231993,2026-06-09T08:03:51.993Z,left_knee,15.64
1780992232014,2026-06-09T08:03:52.014Z,left_knee,18.13
1780992232034,2026-06-09T08:03:52.034Z,left_knee,17.22
1780992232054,2026-06-09T08:03:52.054Z,left_knee,19.77
1780992232075,2026-06-09T08:03:52.075Z,left_knee,19.55
1780992232095,2026-06-09T08:03:52.095Z,left_knee,19.69
1780992232116,2026-06-09T08:03:52.116Z,left_knee,20.75
1780992232136,2026-06-09T08:03:52.136Z,left_knee,22.09
1780992232156,2026-06-09T08:03:52.156Z,left_knee,22.09
1780992232177,2026-06-09T08:03:52.177Z,left_knee,21.4
1780992232197,2026-06-09T08:03:52.197Z,left_knee,22.69
1780992232218,2026-06-09T08:03:52.218Z,left_knee,20.91
1780992232238,2026-06-09T08:03:52.238Z,left_knee,19.91
1780992232259,2026-06-09T08:03:52.259Z,left_knee,20.9
1780992232280,2026-06-09T08:03:52.280Z,left_knee,22.28
1780992232300,2026-06-09T08:03:52.300Z,left_knee,19.65
1780992232320,2026-06-09T08:03:52.320Z,left_knee,19.5
1780992232341,2026-06-09T08:03:52.341Z,left_knee,19.17
1780992232361,2026-06-09T08:03:52.361Z,left_knee,17.74
1780992232381,2026-06-09T08:03:52.381Z,left_knee,16.36
1780992232401,2026-06-09T08:03:52.401Z,left_knee,16.0
1780992232422,2026-06-09T08:03:52.422Z,left_knee,15.31
1780992232442,2026-06-09T08:03:52.442Z,left_knee,13.93
1780992232462,2026-06-09T08:03:52.462Z,left_knee,12.31
1780992232483,2026-06-09T08:03:52.483Z,left_knee,12.77
1780992232503,2026-06-09T08:03:52.503Z,left_knee,11.83
1780992232525,2026-06-09T08:03:52.525Z,left_knee,11.3
1780992232546,2026-06-09T08:03:52.546Z,left_knee,8.67
1780992232566,2026-06-09T08:03:52.566Z,left_knee,7.96
1780992232587,2026-06-09T08:03:52.587Z,left_knee,6.18
1780992232607,2026-06-09T08:03:52.607Z,left_knee,5.43
1780992232627,2026-06-09T08:03:52.627Z,left_knee,4.06
1780992232648,2026-06-09T08:03:52.648Z,left_knee,4.15
1780992232668,2026-06-09T08:03:52.668Z,left_knee,0.47
1780992232689,2026-06-09T08:03:52.689Z,left_knee,0.52
1780992232709,2026-06-09T08:03:52.709Z,left_knee,1.06
1780992232729,2026-06-09T08:03:52.729Z,left_knee,1.1
1780992232750,2026-06-09T08:03:52.750Z,left_knee,2.95
1780992232770,2026-06-09T08:03:52.770Z,left_knee,3.94
1780992232790,2026-06-09T08:03:52.790Z,left_knee,6.42
1780992232811,2026-06-09T08:03:52.811Z,left_knee,6.65
1780992232831,2026-06-09T08:03:52.831Z,left_knee,7.06
1780992232851,2026-06-09T08:03:52.851Z,left_knee,7.49
1780992232872,2026-06-09T08:03:52.872Z,left_knee,12.18
1780992232892,2026-06-09T08:03:52.892Z,left_knee,10.92
1780992232913,2026-06-09T08:03:52.913Z,left_knee,12.17
1780992232933,2026-06-09T08:03:52.933Z,left_knee,13.27
1780992232954,2026-06-09T08:03:52.954Z,left_knee,13.34
1780992232974,2026-06-09T08:03:52.974Z,left_knee,15.11
1780992232995,2026-06-09T08:03:52.995Z,left_knee,16.04
1780992233015,2026-06-09T08:03:53.015Z,left_knee,17.92
1780992233036,2026-06-09T08:03:53.036Z,left_knee,17.45
1780992233056,2026-06-09T08:03:53.056Z,left_knee,19.46
1780992233077,2026-06-09T08:03:53.077Z,left_knee,18.51
1780992233097,2026-06-09T08:03:53.097Z,left_knee,20.35
1780992233118,2026-06-09T08:03:53.118Z,left_knee,22.14
1780992233138,2026-06-09T08:03:53.138Z,left_knee,21.58
1780992233159,2026-06-09T08:03:53.159Z,left_knee,21.77
1780992233179,2026-06-09T08:03:53.179Z,left_knee,22.41
1780992233199,2026-06-09T08:03:53.199Z,left_knee,21.55
1780992233220,2026-06-09T08:03:53.220Z,left_knee,21.3
1780992233240,2026-06-09T08:03:53.240Z,left_knee,21.15
1780992233260,2026-06-09T08:03:53.260Z,left_knee,21.69
1780992233281,2026-06-09T08:03:53.281Z,left_knee,20.37
1780992233301,2026-06-09T08:03:53.301Z,left_knee,21.69
1780992233321,2026-06-09T08:03:53.321Z,left_knee,20.96
1780992233341,2026-06-09T08:03:53.341Z,left_knee,18.31
1780992233362,2026-06-09T08:03:53.362Z,left_knee,18.59
1780992233382,2026-06-09T08:03:53.382Z,left_knee,17.54
1780992233403,2026-06-09T08:03:53.403Z,left_knee,15.86
1780992233423,2026-06-09T08:03:53.423Z,left_knee,15.57
1780992233444,2026-06-09T08:03:53.444Z,left_knee,14.51
1780992233464,2026-06-09T08:03:53.464Z,left_knee,13.71
1780992233485,2026-06-09T08:03:53.485Z,left_knee,13.55
1780992233505,2026-06-09T08:03:53.505Z,left_knee,12.14
1780992233526,2026-06-09T08:03:53.526Z,left_knee,12.5
1780992233546,2026-06-09T08:03:53.546Z,left_knee,9.42
1780992233566,2026-06-09T08:03:53.566Z,left_knee,8.13
1780992233587,2026-06-09T08:03:53.587Z,left_knee,6.08
1780992233607,2026-06-09T08:03:53.607Z,left_knee,6.19
1780992233628,2026-06-09T08:03:53.628Z,left_knee,5.37
1780992233648,2026-06-09T08:03:53.648Z,left_knee,2.64
1780992233669,2026-06-09T08:03:53.669Z,left_knee,1.33
1780992233689,2026-06-09T08:03:53.689Z,left_knee,1.46
1780992233709,2026-06-09T08:03:53.709Z,left_knee,0.23
1780992233730,2026-06-09T08:03:53.730Z,left_knee,1.0
1780992233750,2026-06-09T08:03:53.750Z,left_knee,3.45
1780992233770,2026-06-09T08:03:53.770Z,left_knee,4.84
1780992233791,2026-06-09T08:03:53.791Z,left_knee,4.88
1780992233811,2026-06-09T08:03:53.811Z,left_knee,6.28
1780992233831,2026-06-09T08:03:53.831Z,left_knee,9.61
1780992233851,2026-06-09T08:03:53.851Z,left_knee,8.23
1780992233872,2026-06-09T08:03:53.872Z,left_knee,9.75
1780992233892,2026-06-09T08:03:53.892Z,left_knee,11.76
1780992233912,2026-06-09T08:03:53.912Z,left_knee,11.6
1780992233933,2026-06-09T08:03:53.933Z,left_knee,13.7
1780992233953,2026-06-09T08:03:53.953Z,left_knee,15.34
1780992233973,2026-06-09T08:03:53.973Z,left_knee,15.46
1780992233994,2026-06-09T08:03:53.994Z,left_knee,14.68
1780992234015,2026-06-09T08:03:54.015Z,left_knee,17.29
1780992234035,2026-06-09T08:03:54.035Z,left_knee,18.54
1780992234055,2026-06-09T08:03:54.055Z,left_knee,19.67
1780992234076,2026-06-09T08:03:54.076Z,left_knee,18.67
1780992234096,2026-06-09T08:03:54.096Z,left_knee,20.07
1780992234117,2026-06-09T08:03:54.117Z,left_knee,20.53
1780992234137,2026-06-09T08:03:54.137Z,left_knee,21.39
1780992234157,2026-06-09T08:03:54.157Z,left_knee,20.09
1780992234178,2026-06-09T08:03:54.178Z,left_knee,19.57
1780992234198,2026-06-09T08:03:54.198Z,left_knee,21.6
1780992234219,2026-06-09T08:03:54.219Z,left_knee,21.28
1780992234239,2026-06-09T08:03:54.239Z,left_knee,23.27
1780992234260,2026-06-09T08:03:54.260Z,left_knee,22.13
1780992234281,2026-06-09T08:03:54.281Z,left_knee,20.74
1780992234301,2026-06-09T08:03:54.301Z,left_knee,19.97
1780992234322,2026-06-09T08:03:54.322Z,left_knee,20.26
1780992234342,2026-06-09T08:03:54.342Z,left_knee,16.9
1780992234363,2026-06-09T08:03:54.363Z,left_knee,20.32
1780992234383,2026-06-09T08:03:54.383Z,left_knee,17.4
1780992234403,2026-06-09T08:03:54.403Z,left_knee,16.95
1780992234424,2026-06-09T08:03:54.424Z,left_knee,14.21
1780992234444,2026-06-09T08:03:54.444Z,left_knee,15.01
1780992234465,2026-06-09T08:03:54.465Z,left_knee,13.28
1780992234485,2026-06-09T08:03:54.485Z,left_knee,11.72
1780992234505,2026-06-09T08:03:54.505Z,left_knee,11.69
1780992234526,2026-06-09T08:03:54.526Z,left_knee,10.64
1780992234546,2026-06-09T08:03:54.546Z,left_knee,8.45
1780992234567,2026-06-09T08:03:54.567Z,left_knee,8.61
1780992234587,2026-06-09T08:03:54.587Z,left_knee,7.06
1780992234608,2026-06-09T08:03:54.608Z,left_knee,5.82
1780992234628,2026-06-09T08:03:54.628Z,left_knee,3.71
1780992234649,2026-06-09T08:03:54.649Z,left_knee,4.19
1780992234669,2026-06-09T08:03:54.669Z,left_knee,2.87
1780992234690,2026-06-09T08:03:54.690Z,left_knee,1.46
1780992234710,2026-06-09T08:03:54.710Z,left_knee,0.34
1780992234731,2026-06-09T08:03:54.731Z,left_knee,1.78
1780992234751,2026-06-09T08:03:54.751Z,left_knee,2.08
1780992234772,2026-06-09T08:03:54.772Z,left_knee,4.32
1780992234792,2026-06-09T08:03:54.792Z,left_knee,5.09
1780992234813,2026-06-09T08:03:54.813Z,left_knee,7.34
1780992234833,2026-06-09T08:03:54.833Z,left_knee,7.05
1780992234854,2026-06-09T08:03:54.854Z,left_knee,9.21
1780992234874,2026-06-09T08:03:54.874Z,left_knee,10.16
1780992234895,2026-06-09T08:03:54.895Z,left_knee,12.41
1780992234915,2026-06-09T08:03:54.915Z,left_knee,11.76
1780992234935,2026-06-09T08:03:54.935Z,left_knee,13.0
1780992234956,2026-06-09T08:03:54.956Z,left_knee,12.56
1780992234976,2026-06-09T08:03:54.976Z,left_knee,15.18
1780992234997,2026-06-09T08:03:54.997Z,left_knee,16.35
1780992235017,2026-06-09T08:03:55.017Z,left_knee,16.46
1780992235038,2026-06-09T08:03:55.038Z,left_knee,17.1
1780992235058,2026-06-09T08:03:55.058Z,left_knee,19.73
1780992235079,2026-06-09T08:03:55.079Z,left_knee,18.18
1780992235099,2026-06-09T08:03:55.099Z,left_knee,20.87
1780992235120,2026-06-09T08:03:55.120Z,left_knee,19.66
1780992235140,2026-06-09T08:03:55.140Z,left_knee,21.85
1780992235160,2026-06-09T08:03:55.160Z,left_knee,20.08
1780992235181,2026-06-09T08:03:55.181Z,left_knee,21.58
1780992235201,2026-06-09T08:03:55.201Z,left_knee,19.58
1780992235222,2026-06-09T08:03:55.222Z,left_knee,21.13
1780992235242,2026-06-09T08:03:55.242Z,left_knee,23.49
1780992235263,2026-06-09T08:03:55.263Z,left_knee,22.29
1780992235283,2026-06-09T08:03:55.283Z,left_knee,22.62
1780992235304,2026-06-09T08:03:55.304Z,left_knee,20.14
1780992235324,2026-06-09T08:03:55.324Z,left_knee,19.57
1780992235345,2026-06-09T08:03:55.345Z,left_knee,18.05
1780992235365,2026-06-09T08:03:55.365Z,left_knee,19.24
1780992235385,2026-06-09T08:03:55.385Z,left_knee,18.57
1780992235406,2026-06-09T08:03:55.406Z,left_knee,15.77
1780992235426,2026-06-09T08:03:55.426Z,left_knee,16.49
1780992235447,2026-06-09T08:03:55.447Z,left_knee,13.83
1780992235467,2026-06-09T08:03:55.467Z,left_knee,13.76
1780992235488,2026-06-09T08:03:55.488Z,left_knee,14.48
1780992235508,2026-06-09T08:03:55.508Z,left_knee,11.49
1780992235529,2026-06-09T08:03:55.529Z,left_knee,11.57
1780992235549,2026-06-09T08:03:55.549Z,left_knee,9.0
1780992235570,2026-06-09T08:03:55.570Z,left_knee,6.99
1780992235590,2026-06-09T08:03:55.590Z,left_knee,6.5
1780992235611,2026-06-09T08:03:55.611Z,left_knee,5.11
1780992235631,2026-06-09T08:03:55.631Z,left_knee,4.35
1780992235652,2026-06-09T08:03:55.652Z,left_knee,3.9
1780992235672,2026-06-09T08:03:55.672Z,left_knee,1.99
1780992235692,2026-06-09T08:03:55.692Z,left_knee,1.44
1780992235713,2026-06-09T08:03:55.713Z,left_knee,1.2
1780992235733,2026-06-09T08:03:55.733Z,left_knee,1.41
1780992235754,2026-06-09T08:03:55.754Z,left_knee,2.17
1780992235775,2026-06-09T08:03:55.775Z,left_knee,3.26
1780992235795,2026-06-09T08:03:55.795Z,left_knee,6.25
1780992235815,2026-06-09T08:03:55.815Z,left_knee,6.73
1780992235836,2026-06-09T08:03:55.836Z,left_knee,6.57
1780992235856,2026-06-09T08:03:55.856Z,left_knee,9.93
1780992235877,2026-06-09T08:03:55.877Z,left_knee,9.8
1780992235897,2026-06-09T08:03:55.897Z,left_knee,11.39
1780992235918,2026-06-09T08:03:55.918Z,left_knee,11.16
1780992235938,2026-06-09T08:03:55.938Z,left_knee,13.58
1780992235959,2026-06-09T08:03:55.959Z,left_knee,16.12
1780992235979,2026-06-09T08:03:55.979Z,left_knee,16.58
1780992236000,2026-06-09T08:03:56.000Z,left_knee,16.77
1780992236020,2026-06-09T08:03:56.020Z,left_knee,16.81
1780992236041,2026-06-09T08:03:56.041Z,left_knee,16.46
1780992236061,2026-06-09T08:03:56.061Z,left_knee,18.7
1780992236081,2026-06-09T08:03:56.081Z,left_knee,21.0
1780992236102,2026-06-09T08:03:56.102Z,left_knee,19.76
1780992236123,2026-06-09T08:03:56.123Z,left_knee,21.48
1780992236143,2026-06-09T08:03:56.143Z,left_knee,19.94
1780992236164,2026-06-09T08:03:56.164Z,left_knee,21.34
1780992236184,2026-06-09T08:03:56.184Z,left_knee,22.39
1780992236204,2026-06-09T08:03:56.204Z,left_knee,21.42
1780992236225,2026-06-09T08:03:56.225Z,left_knee,23.9
1780992236245,2026-06-09T08:03:56.245Z,left_knee,22.09
1780992236266,2026-06-09T08:03:56.266Z,left_knee,20.88
1780992236286,2026-06-09T08:03:56.286Z,left_knee,21.38
1780992236307,2026-06-09T08:03:56.307Z,left_knee,19.71
1780992236327,2026-06-09T08:03:56.327Z,left_knee,19.99
1780992236347,2026-06-09T08:03:56.347Z,left_knee,18.11
1780992236368,2026-06-09T08:03:56.368Z,left_knee,20.17
1780992236388,2026-06-09T08:03:56.388Z,left_knee,16.0
1780992236408,2026-06-09T08:03:56.408Z,left_knee,18.69
1780992236429,2026-06-09T08:03:56.429Z,left_knee,14.69
1780992236449,2026-06-09T08:03:56.449Z,left_knee,14.6
1780992236469,2026-06-09T08:03:56.469Z,left_knee,12.5
1780992236490,2026-06-09T08:03:56.490Z,left_knee,11.98
1780992236510,2026-06-09T08:03:56.510Z,left_knee,11.2
1780992236531,2026-06-09T08:03:56.531Z,left_knee,12.27
1780992236551,2026-06-09T08:03:56.551Z,left_knee,10.7
1780992236572,2026-06-09T08:03:56.572Z,left_knee,7.16
1780992236593,2026-06-09T08:03:56.593Z,left_knee,5.9
1780992236613,2026-06-09T08:03:56.613Z,left_knee,4.6
1780992236633,2026-06-09T08:03:56.633Z,left_knee,3.51
1780992236654,2026-06-09T08:03:56.654Z,left_knee,3.03
1780992236675,2026-06-09T08:03:56.675Z,left_knee,2.74
1780992236695,2026-06-09T08:03:56.695Z,left_knee,0.07
1780992236715,2026-06-09T08:03:56.715Z,left_knee,0.96
1780992236736,2026-06-09T08:03:56.736Z,left_knee,1.34
1780992236756,2026-06-09T08:03:56.756Z,left_knee,3.54
1780992236776,2026-06-09T08:03:56.776Z,left_knee,4.48
1780992236796,2026-06-09T08:03:56.796Z,left_knee,4.44
1780992236817,2026-06-09T08:03:56.817Z,left_knee,7.64
1780992236837,2026-06-09T08:03:56.837Z,left_knee,8.52
1780992236858,2026-06-09T08:03:56.858Z,left_knee,8.17
1780992236879,2026-06-09T08:03:56.879Z,left_knee,9.96
1780992236899,2026-06-09T08:03:56.899Z,left_knee,11.12
1780992236920,2026-06-09T08:03:56.920Z,left_knee,12.63
1780992236940,2026-06-09T08:03:56.940Z,left_knee,14.22
1780992236961,2026-06-09T08:03:56.961Z,left_knee,15.65
1780992236981,2026-06-09T08:03:56.981Z,left_knee,15.5
1780992237002,2026-06-09T08:03:57.002Z,left_knee,15.37
1780992237023,2026-06-09T08:03:57.023Z,left_knee,17.75
1780992237043,2026-06-09T08:03:57.043Z,left_knee,16.7
1780992237064,2026-06-09T08:03:57.064Z,left_knee,21.04
1780992237084,2026-06-09T08:03:57.084Z,left_knee,19.7
1780992237105,2026-06-09T08:03:57.105Z,left_knee,22.4
1780992237125,2026-06-09T08:03:57.125Z,left_knee,20.73
1780992237145,2026-06-09T08:03:57.145Z,left_knee,20.3
1780992237166,2026-06-09T08:03:57.166Z,left_knee,20.93
1780992237186,2026-06-09T08:03:57.186Z,left_knee,21.36
1780992237207,2026-06-09T08:03:57.207Z,left_knee,21.15
1780992237227,2026-06-09T08:03:57.227Z,left_knee,22.21
1780992237248,2026-06-09T08:03:57.248Z,left_knee,23.3
1780992237268,2026-06-09T08:03:57.268Z,left_knee,20.5
1780992237289,2026-06-09T08:03:57.289Z,left_knee,20.62
1780992237309,2026-06-09T08:03:57.309Z,left_knee,20.24
1780992237329,2026-06-09T08:03:57.329Z,left_knee,19.76
1780992237350,2026-06-09T08:03:57.350Z,left_knee,16.86
1780992237370,2026-06-09T08:03:57.370Z,left_knee,16.91
1780992237390,2026-06-09T08:03:57.390Z,left_knee,16.74
1780992237411,2026-06-09T08:03:57.411Z,left_knee,16.8
1780992237431,2026-06-09T08:03:57.431Z,left_knee,15.27
1780992237452,2026-06-09T08:03:57.452Z,left_knee,15.06
1780992237472,2026-06-09T08:03:57.472Z,left_knee,13.26
1780992237493,2026-06-09T08:03:57.493Z,left_knee,11.46
1780992237513,2026-06-09T08:03:57.513Z,left_knee,10.76
1780992237534,2026-06-09T08:03:57.534Z,left_knee,10.61
1780992237554,2026-06-09T08:03:57.554Z,left_knee,9.57
1780992237575,2026-06-09T08:03:57.575Z,left_knee,6.48
1780992237595,2026-06-09T08:03:57.595Z,left_knee,5.73
1780992237615,2026-06-09T08:03:57.615Z,left_knee,5.42
1780992237636,2026-06-09T08:03:57.636Z,left_knee,3.63
1780992237656,2026-06-09T08:03:57.656Z,left_knee,3.6
1780992237676,2026-06-09T08:03:57.676Z,left_knee,1.33
1780992237697,2026-06-09T08:03:57.697Z,left_knee,0.73
1780992237717,2026-06-09T08:03:57.717Z,left_knee,1.0
1780992237738,2026-06-09T08:03:57.738Z,left_knee,1.49
1780992237758,2026-06-09T08:03:57.758Z,left_knee,1.36
1780992237778,2026-06-09T08:03:57.778Z,left_knee,2.51
1780992237798,2026-06-09T08:03:57.798Z,left_knee,6.44
1780992237819,2026-06-09T08:03:57.819Z,left_knee,6.34
1780992237839,2026-06-09T08:03:57.839Z,left_knee,8.65
1780992237859,2026-06-09T08:03:57.859Z,left_knee,10.73
1780992237880,2026-06-09T08:03:57.880Z,left_knee,10.72
1780992237900,2026-06-09T08:03:57.900Z,left_knee,10.4
1780992237920,2026-06-09T08:03:57.920Z,left_knee,12.96
1780992237941,2026-06-09T08:03:57.941Z,left_knee,13.04
1780992237961,2026-06-09T08:03:57.961Z,left_knee,14.32
1780992237982,2026-06-09T08:03:57.982Z,left_knee,15.95
1780992238002,2026-06-09T08:03:58.002Z,left_knee,16.46
1780992238023,2026-06-09T08:03:58.023Z,left_knee,18.06
1780992238043,2026-06-09T08:03:58.043Z,left_knee,18.54
1780992238064,2026-06-09T08:03:58.064Z,left_knee,18.98
1780992238084,2026-06-09T08:03:58.084Z,left_knee,20.08
1780992238104,2026-06-09T08:03:58.104Z,left_knee,20.03
1780992238125,2026-06-09T08:03:58.125Z,left_knee,20.55
1780992238145,2026-06-09T08:03:58.145Z,left_knee,22.56
1780992238166,2026-06-09T08:03:58.166Z,left_knee,20.75
1780992238186,2026-06-09T08:03:58.186Z,left_knee,21.64
1780992238206,2026-06-09T08:03:58.206Z,left_knee,20.63
1780992238227,2026-06-09T08:03:58.227Z,left_knee,22.25
1780992238247,2026-06-09T08:03:58.247Z,left_knee,21.59
1780992238268,2026-06-09T08:03:58.268Z,left_knee,20.92
1780992238288,2026-06-09T08:03:58.288Z,left_knee,20.5
1780992238308,2026-06-09T08:03:58.308Z,left_knee,19.76
1780992238329,2026-06-09T08:03:58.329Z,left_knee,19.83
1780992238350,2026-06-09T08:03:58.350Z,left_knee,19.08
1780992238370,2026-06-09T08:03:58.370Z,left_knee,18.6
1780992238390,2026-06-09T08:03:58.390Z,left_knee,17.3
1780992238411,2026-06-09T08:03:58.411Z,left_knee,14.74
1780992238432,2026-06-09T08:03:58.432Z,left_knee,15.81
1780992238452,2026-06-09T08:03:58.452Z,left_knee,13.94
1780992238473,2026-06-09T08:03:58.473Z,left_knee,13.54
1780992238493,2026-06-09T08:03:58.493Z,left_knee,11.1
1780992238513,2026-06-09T08:03:58.513Z,left_knee,11.16
1780992238534,2026-06-09T08:03:58.534Z,left_knee,10.78
1780992238554,2026-06-09T08:03:58.554Z,left_knee,9.91
1780992238575,2026-06-09T08:03:58.575Z,left_knee,8.85
1780992238595,2026-06-09T08:03:58.595Z,left_knee,5.36
1780992238615,2026-06-09T08:03:58.615Z,left_knee,3.21
1780992238636,2026-06-09T08:03:58.636Z,left_knee,3.77
1780992238656,2026-06-09T08:03:58.656Z,left_knee,2.81
1780992238677,2026-06-09T08:03:58.677Z,left_knee,1.44
1780992238697,2026-06-09T08:03:58.697Z,left_knee,1.0
1780992238717,2026-06-09T08:03:58.717Z,left_knee,0.09
1780992238738,2026-06-09T08:03:58.738Z,left_knee,1.74
1780992238758,2026-06-09T08:03:58.758Z,left_knee,3.5
1780992238779,2026-06-09T08:03:58.779Z,left_knee,4.19
1780992238799,2026-06-09T08:03:58.799Z,left_knee,5.74
1780992238820,2026-06-09T08:03:58.820Z,left_knee,7.08
1780992238841,2026-06-09T08:03:58.841Z,left_knee,9.56
1780992238861,2026-06-09T08:03:58.861Z,left_knee,9.64
1780992238881,2026-06-09T08:03:58.881Z,left_knee,12.54
1780992238902,2026-06-09T08:03:58.902Z,left_knee,10.8
1780992238922,2026-06-09T08:03:58.922Z,left_knee,12.5
1780992238943,2026-06-09T08:03:58.943Z,left_knee,15.0
1780992238963,2026-06-09T08:03:58.963Z,left_knee,15.45
1780992238983,2026-06-09T08:03:58.983Z,left_knee,14.52
1780992239004,2026-06-09T08:03:59.004Z,left_knee,16.18
1780992239024,2026-06-09T08:03:59.024Z,left_knee,19.13
1780992239044,2026-06-09T08:03:59.044Z,left_knee,19.55
1780992239065,2026-06-09T08:03:59.065Z,left_knee,19.05
1780992239085,2026-06-09T08:03:59.085Z,left_knee,20.2
1780992239106,2026-06-09T08:03:59.106Z,left_knee,19.24
1780992239126,2026-06-09T08:03:59.126Z,left_knee,21.37
1780992239147,2026-06-09T08:03:59.147Z,left_knee,19.01
1780992239167,2026-06-09T08:03:59.167Z,left_knee,22.23
1780992239187,2026-06-09T08:03:59.187Z,left_knee,21.59
1780992239208,2026-06-09T08:03:59.208Z,left_knee,20.11
1780992239229,2026-06-09T08:03:59.229Z,left_knee,22.21
1780992239249,2026-06-09T08:03:59.249Z,left_knee,21.7
1780992239270,2026-06-09T08:03:59.270Z,left_knee,20.07
1780992239290,2026-06-09T08:03:59.290Z,left_knee,19.67
1780992239310,2026-06-09T08:03:59.310Z,left_knee,19.85
1780992239331,2026-06-09T08:03:59.331Z,left_knee,19.94
1780992239352,2026-06-09T08:03:59.352Z,left_knee,18.2
1780992239372,2026-06-09T08:03:59.372Z,left_knee,17.27
1780992239392,2026-06-09T08:03:59.392Z,left_knee,17.26
1780992239413,2026-06-09T08:03:59.413Z,left_knee,16.06
1780992239433,2026-06-09T08:03:59.433Z,left_knee,13.96
1780992239453,2026-06-09T08:03:59.453Z,left_knee,13.06
1780992239474,2026-06-09T08:03:59.474Z,left_knee,12.23
1780992239494,2026-06-09T08:03:59.494Z,left_knee,13.09
1780992239515,2026-06-09T08:03:59.515Z,left_knee,10.79
1780992239535,2026-06-09T08:03:59.535Z,left_knee,10.09
1780992239555,2026-06-09T08:03:59.555Z,left_knee,9.48
1780992239576,2026-06-09T08:03:59.576Z,left_knee,6.45
1780992239596,2026-06-09T08:03:59.596Z,left_knee,7.28
1780992239617,2026-06-09T08:03:59.617Z,left_knee,4.22
1780992239637,2026-06-09T08:03:59.637Z,left_knee,5.14
1780992239657,2026-06-09T08:03:59.657Z,left_knee,2.79
1780992239678,2026-06-09T08:03:59.678Z,left_knee,1.57
1780992239698,2026-06-09T08:03:59.698Z,left_knee,0.99
1780992239719,2026-06-09T08:03:59.719Z,left_knee,1.34
1780992239739,2026-06-09T08:03:59.739Z,left_knee,2.34
1780992239760,2026-06-09T08:03:59.760Z,left_knee,2.91
1780992239781,2026-06-09T08:03:59.781Z,left_knee,5.21
1780992239801,2026-06-09T08:03:59.801Z,left_knee,4.88
1780992239821,2026-06-09T08:03:59.821Z,left_knee,5.56
1780992239841,2026-06-09T08:03:59.841Z,left_knee,9.8
1780992239862,2026-06-09T08:03:59.862Z,left_knee,8.98
1780992239883,2026-06-09T08:03:59.883Z,left_knee,11.47
1780992239903,2026-06-09T08:03:59.903Z,left_knee,10.25
1780992239924,2026-06-09T08:03:59.924Z,left_knee,12.97
1780992239944,2026-06-09T08:03:59.944Z,left_knee,15.05
1780992239964,2026-06-09T08:03:59.964Z,left_knee,13.15
1780992239985,2026-06-09T08:03:59.985Z,left_knee,16.33
1780992240005,2026-06-09T08:04:00.005Z,left_knee,16.21
1780992240025,2026-06-09T08:04:00.025Z,left_knee,19.67
1780992240046,2026-06-09T08:04:00.046Z,left_knee,17.01
1780992240066,2026-06-09T08:04:00.066Z,left_knee,18.6
1780992240087,2026-06-09T08:04:00.087Z,left_knee,21.08
1780992240107,2026-06-09T08:04:00.107Z,left_knee,19.77
1780992240128,2026-06-09T08:04:00.128Z,left_knee,22.92
1780992240148,2026-06-09T08:04:00.148Z,left_knee,21.67
1780992240169,2026-06-09T08:04:00.169Z,left_knee,20.64
1780992240189,2026-06-09T08:04:00.189Z,left_knee,21.77
1780992240210,2026-06-09T08:04:00.210Z,left_knee,22.6
1780992240230,2026-06-09T08:04:00.230Z,left_knee,20.67
1780992240250,2026-06-09T08:04:00.250Z,left_knee,21.49
1780992240271,2026-06-09T08:04:00.271Z,left_knee,21.66
1780992240291,2026-06-09T08:04:00.291Z,left_knee,19.56
1780992240312,2026-06-09T08:04:00.312Z,left_knee,18.61
1780992240332,2026-06-09T08:04:00.332Z,left_knee,19.45
1780992240353,2026-06-09T08:04:00.353Z,left_knee,19.6
1780992240373,2026-06-09T08:04:00.373Z,left_knee,17.91
1780992240393,2026-06-09T08:04:00.393Z,left_knee,16.61
1780992240413,2026-06-09T08:04:00.413Z,left_knee,16.89
1780992240434,2026-06-09T08:04:00.434Z,left_knee,13.0
1780992240454,2026-06-09T08:04:00.454Z,left_knee,14.25
1780992240475,2026-06-09T08:04:00.475Z,left_knee,13.4
1780992240496,2026-06-09T08:04:00.496Z,left_knee,11.58
1780992240516,2026-06-09T08:04:00.516Z,left_knee,10.41
1780992240536,2026-06-09T08:04:00.536Z,left_knee,9.25
1780992240557,2026-06-09T08:04:00.557Z,left_knee,7.98
1780992240577,2026-06-09T08:04:00.577Z,left_knee,8.12
1780992240597,2026-06-09T08:04:00.597Z,left_knee,6.57
1780992240618,2026-06-09T08:04:00.618Z,left_knee,6.83
1780992240638,2026-06-09T08:04:00.638Z,left_knee,3.6
1780992240659,2026-06-09T08:04:00.659Z,left_knee,3.49
1780992240679,2026-06-09T08:04:00.679Z,left_knee,0.93
1780992240700,2026-06-09T08:04:00.700Z,left_knee,1.49
1780992240720,2026-06-09T08:04:00.720Z,left_knee,0.47
1780992240740,2026-06-09T08:04:00.740Z,left_knee,3.68
1780992240761,2026-06-09T08:04:00.761Z,left_knee,4.75
1780992240781,2026-06-09T08:04:00.781Z,left_knee,5.71
1780992240801,2026-06-09T08:04:00.801Z,left_knee,5.63
1780992240822,2026-06-09T08:04:00.822Z,left_knee,7.89
1780992240842,2026-06-09T08:04:00.842Z,left_knee,8.01
1780992240862,2026-06-09T08:04:00.862Z,left_knee,9.51
1780992240883,2026-06-09T08:04:00.883Z,left_knee,10.45
1780992240903,2026-06-09T08:04:00.903Z,left_knee,11.63
1780992240923,2026-06-09T08:04:00.923Z,left_knee,14.26
1780992240944,2026-06-09T08:04:00.944Z,left_knee,13.82
1780992240964,2026-06-09T08:04:00.964Z,left_knee,15.99
1780992240985,2026-06-09T08:04:00.985Z,left_knee,16.38
1780992241005,2026-06-09T08:04:01.005Z,left_knee,17.54
1780992241026,2026-06-09T08:04:01.026Z,left_knee,16.0
1780992241047,2026-06-09T08:04:01.047Z,left_knee,17.6
1780992241067,2026-06-09T08:04:01.067Z,left_knee,20.29
1780992241088,2026-06-09T08:04:01.088Z,left_knee,18.53
1780992241108,2026-06-09T08:04:01.108Z,left_knee,20.74
1780992241129,2026-06-09T08:04:01.129Z,left_knee,22.19
1780992241149,2026-06-09T08:04:01.149Z,left_knee,22.87
1780992241169,2026-06-09T08:04:01.169Z,left_knee,19.8
1780992241190,2026-06-09T08:04:01.190Z,left_knee,21.97
1780992241210,2026-06-09T08:04:01.210Z,left_knee,20.69
1780992241231,2026-06-09T08:04:01.231Z,left_knee,20.19
1780992241251,2026-06-09T08:04:01.251Z,left_knee,21.71
1780992241272,2026-06-09T08:04:01.272Z,left_knee,20.52
1780992241292,2026-06-09T08:04:01.292Z,left_knee,20.93
1780992241312,2026-06-09T08:04:01.312Z,left_knee,19.3
1780992241333,2026-06-09T08:04:01.333Z,left_knee,19.39
1780992241354,2026-06-09T08:04:01.354Z,left_knee,18.88
1780992241374,2026-06-09T08:04:01.374Z,left_knee,17.92
1780992241395,2026-06-09T08:04:01.395Z,left_knee,16.78
1780992241416,2026-06-09T08:04:01.416Z,left_knee,16.44
1780992241436,2026-06-09T08:04:01.436Z,left_knee,15.41
1780992241456,2026-06-09T08:04:01.456Z,left_knee,14.4
1780992241477,2026-06-09T08:04:01.477Z,left_knee,13.06
1780992241497,2026-06-09T08:04:01.497Z,left_knee,12.77
1780992241518,2026-06-09T08:04:01.518Z,left_knee,11.6
1780992241538,2026-06-09T08:04:01.538Z,left_knee,9.96
1780992241559,2026-06-09T08:04:01.559Z,left_knee,7.74
1780992241579,2026-06-09T08:04:01.579Z,left_knee,5.93
1780992241600,2026-06-09T08:04:01.600Z,left_knee,5.32
1780992241620,2026-06-09T08:04:01.620Z,left_knee,6.43
1780992241640,2026-06-09T08:04:01.640Z,left_knee,3.68
1780992241661,2026-06-09T08:04:01.661Z,left_knee,1.4
1780992241681,2026-06-09T08:04:01.681Z,left_knee,1.5
1780992241702,2026-06-09T08:04:01.702Z,left_knee,2.74
1780992241722,2026-06-09T08:04:01.722Z,left_knee,0.94
1780992241743,2026-06-09T08:04:01.743Z,left_knee,2.32
1780992241764,2026-06-09T08:04:01.764Z,left_knee,4.24
1780992241784,2026-06-09T08:04:01.784Z,left_knee,5.98
1780992241804,2026-06-09T08:04:01.804Z,left_knee,6.26
1780992241824,2026-06-09T08:04:01.824Z,left_knee,6.36
1780992241845,2026-06-09T08:04:01.845Z,left_knee,9.88
1780992241865,2026-06-09T08:04:01.865Z,left_knee,9.15
1780992241885,2026-06-09T08:04:01.885Z,left_knee,11.97
1780992241906,2026-06-09T08:04:01.906Z,left_knee,11.78
1780992241926,2026-06-09T08:04:01.926Z,left_knee,11.9
1780992241947,2026-06-09T08:04:01.947Z,left_knee,13.91
1780992241967,2026-06-09T08:04:01.967Z,left_knee,16.09
1780992241987,2026-06-09T08:04:01.987Z,left_knee,14.89
1780992242008,2026-06-09T08:04:02.008Z,left_knee,15.65
1780992242028,2026-06-09T08:04:02.028Z,left_knee,18.8
1780992242049,2026-06-09T08:04:02.049Z,left_knee,18.68
1780992242069,2026-06-09T08:04:02.069Z,left_knee,20.0
1780992242090,2026-06-09T08:04:02.090Z,left_knee,18.4
1780992242110,2026-06-09T08:04:02.110Z,left_knee,19.57
1780992242131,2026-06-09T08:04:02.131Z,left_knee,20.63
1780992242152,2026-06-09T08:04:02.152Z,left_knee,21.13
1780992242172,2026-06-09T08:04:02.172Z,left_knee,22.86
1780992242192,2026-06-09T08:04:02.192Z,left_knee,20.62
1780992242213,2026-06-09T08:04:02.213Z,left_knee,21.44
1780992242233,2026-06-09T08:04:02.233Z,left_knee,22.23
1780992242254,2026-06-09T08:04:02.254Z,left_knee,20.89
1780992242274,2026-06-09T08:04:02.274Z,left_knee,20.15
1780992242295,2026-06-09T08:04:02.295Z,left_knee,19.9
1780992242315,2026-06-09T08:04:02.315Z,left_knee,19.64
1780992242336,2026-06-09T08:04:02.336Z,left_knee,18.23
1780992242356,2026-06-09T08:04:02.356Z,left_knee,21.12
1780992242377,2026-06-09T08:04:02.377Z,left_knee,18.61
1780992242397,2026-06-09T08:04:02.397Z,left_knee,17.5
1780992242417,2026-06-09T08:04:02.417Z,left_knee,13.86
1780992242437,2026-06-09T08:04:02.437Z,left_knee,15.77
1780992242458,2026-06-09T08:04:02.458Z,left_knee,16.23
1780992242478,2026-06-09T08:04:02.478Z,left_knee,12.66
1780992242499,2026-06-09T08:04:02.499Z,left_knee,10.3
1780992242519,2026-06-09T08:04:02.519Z,left_knee,11.26
1780992242540,2026-06-09T08:04:02.540Z,left_knee,10.94
1780992242560,2026-06-09T08:04:02.560Z,left_knee,9.88
1780992242580,2026-06-09T08:04:02.580Z,left_knee,8.28
1780992242601,2026-06-09T08:04:02.601Z,left_knee,5.11
1780992242621,2026-06-09T08:04:02.621Z,left_knee,3.75
1780992242642,2026-06-09T08:04:02.642Z,left_knee,4.94
1780992242662,2026-06-09T08:04:02.662Z,left_knee,1.99
1780992242682,2026-06-09T08:04:02.682Z,left_knee,1.69
1780992242703,2026-06-09T08:04:02.703Z,left_knee,1.83
1780992242723,2026-06-09T08:04:02.723Z,left_knee,0.13
1780992242744,2026-06-09T08:04:02.744Z,left_knee,0.37
1780992242764,2026-06-09T08:04:02.764Z,left_knee,5.48
1780992242784,2026-06-09T08:04:02.784Z,left_knee,3.46
1780992242805,2026-06-09T08:04:02.805Z,left_knee,5.18
1780992242825,2026-06-09T08:04:02.825Z,left_knee,4.91
1780992242846,2026-06-09T08:04:02.846Z,left_knee,9.27
1780992242866,2026-06-09T08:04:02.866Z,left_knee,9.76
1780992242887,2026-06-09T08:04:02.887Z,left_knee,10.15
1780992242907,2026-06-09T08:04:02.907Z,left_knee,12.48
1780992242928,2026-06-09T08:04:02.928Z,left_knee,12.51
1780992242948,2026-06-09T08:04:02.948Z,left_knee,15.14
1780992242968,2026-06-09T08:04:02.968Z,left_knee,15.68
1780992242989,2026-06-09T08:04:02.989Z,left_knee,14.85
1780992243009,2026-06-09T08:04:03.009Z,left_knee,15.14
1780992243029,2026-06-09T08:04:03.029Z,left_knee,17.35
1780992243050,2026-06-09T08:04:03.050Z,left_knee,19.42
1780992243070,2026-06-09T08:04:03.070Z,left_knee,17.04
1780992243091,2026-06-09T08:04:03.091Z,left_knee,19.79
1780992243111,2026-06-09T08:04:03.111Z,left_knee,20.73
1780992243132,2026-06-09T08:04:03.132Z,left_knee,19.89
1780992243152,2026-06-09T08:04:03.152Z,left_knee,20.3
1780992243173,2026-06-09T08:04:03.173Z,left_knee,21.51
1780992243193,2026-06-09T08:04:03.193Z,left_knee,19.22
1780992243214,2026-06-09T08:04:03.214Z,left_knee,20.1
1780992243234,2026-06-09T08:04:03.234Z,left_knee,22.54
1780992243254,2026-06-09T08:04:03.254Z,left_knee,22.49
1780992243275,2026-06-09T08:04:03.275Z,left_knee,20.22
1780992243295,2026-06-09T08:04:03.295Z,left_knee,21.67
1780992243316,2026-06-09T08:04:03.316Z,left_knee,19.92
1780992243337,2026-06-09T08:04:03.337Z,left_knee,18.39
1780992243357,2026-06-09T08:04:03.357Z,left_knee,17.75
1780992243378,2026-06-09T08:04:03.378Z,left_knee,16.81
1780992243398,2026-06-09T08:04:03.398Z,left_knee,16.09
1780992243419,2026-06-09T08:04:03.419Z,left_knee,17.18
1780992243439,2026-06-09T08:04:03.439Z,left_knee,14.72
1780992243460,2026-06-09T08:04:03.460Z,left_knee,14.12
1780992243480,2026-06-09T08:04:03.480Z,left_knee,13.16
1780992243501,2026-06-09T08:04:03.501Z,left_knee,14.89
1780992243522,2026-06-09T08:04:03.522Z,left_knee,10.67
1780992243542,2026-06-09T08:04:03.542Z,left_knee,11.67
1780992243562,2026-06-09T08:04:03.562Z,left_knee,9.71
1780992243582,2026-06-09T08:04:03.582Z,left_knee,9.13
1780992243603,2026-06-09T08:04:03.603Z,left_knee,4.72
1780992243623,2026-06-09T08:04:03.623Z,left_knee,5.1
1780992243644,2026-06-09T08:04:03.644Z,left_knee,3.94
1780992243664,2026-06-09T08:04:03.664Z,left_knee,2.22
1780992243685,2026-06-09T08:04:03.685Z,left_knee,0.76
1780992243705,2026-06-09T08:04:03.705Z,left_knee,0.4
1780992243726,2026-06-09T08:04:03.726Z,left_knee,1.05
1780992243747,2026-06-09T08:04:03.747Z,left_knee,2.81
1780992243767,2026-06-09T08:04:03.767Z,left_knee,4.43
1780992243787,2026-06-09T08:04:03.787Z,left_knee,6.11
1780992243808,2026-06-09T08:04:03.808Z,left_knee,6.54
1780992243828,2026-06-09T08:04:03.828Z,left_knee,7.68
1780992243849,2026-06-09T08:04:03.849Z,left_knee,9.99
1780992243869,2026-06-09T08:04:03.869Z,left_knee,10.22
1780992243890,2026-06-09T08:04:03.890Z,left_knee,12.14
1780992243911,2026-06-09T08:04:03.911Z,left_knee,11.36
1780992243931,2026-06-09T08:04:03.931Z,left_knee,13.86
1780992243951,2026-06-09T08:04:03.951Z,left_knee,13.73
1780992243972,2026-06-09T08:04:03.972Z,left_knee,16.2
1780992243993,2026-06-09T08:04:03.993Z,left_knee,16.27
1780992244013,2026-06-09T08:04:04.013Z,left_knee,17.03
1780992244034,2026-06-09T08:04:04.034Z,left_knee,17.93
1780992244054,2026-06-09T08:04:04.054Z,left_knee,18.46
1780992244074,2026-06-09T08:04:04.074Z,left_knee,15.68
1780992244094,2026-06-09T08:04:04.094Z,left_knee,20.49
1780992244115,2026-06-09T08:04:04.115Z,left_knee,21.48
1780992244135,2026-06-09T08:04:04.135Z,left_knee,21.39
1780992244156,2026-06-09T08:04:04.156Z,left_knee,21.26
1780992244176,2026-06-09T08:04:04.176Z,left_knee,21.53
1780992244197,2026-06-09T08:04:04.197Z,left_knee,21.74
1780992244217,2026-06-09T08:04:04.217Z,left_knee,22.38
1780992244238,2026-06-09T08:04:04.238Z,left_knee,20.09
1780992244258,2026-06-09T08:04:04.258Z,left_knee,20.6
1780992244279,2026-06-09T08:04:04.279Z,left_knee,20.57
1780992244299,2026-06-09T08:04:04.299Z,left_knee,21.78
1780992244320,2026-06-09T08:04:04.320Z,left_knee,19.94
1780992244340,2026-06-09T08:04:04.340Z,left_knee,20.68
1780992244360,2026-06-09T08:04:04.360Z,left_knee,20.23
1780992244381,2026-06-09T08:04:04.381Z,left_knee,19.1
1780992244401,2026-06-09T08:04:04.401Z,left_knee,17.17
1780992244421,2026-06-09T08:04:04.421Z,left_knee,16.95
1780992244442,2026-06-09T08:04:04.442Z,left_knee,12.93
1780992244462,2026-06-09T08:04:04.462Z,left_knee,12.74
1780992244483,2026-06-09T08:04:04.483Z,left_knee,12.6
1780992244503,2026-06-09T08:04:04.503Z,left_knee,12.63
1780992244523,2026-06-09T08:04:04.523Z,left_knee,11.35
1780992244544,2026-06-09T08:04:04.544Z,left_knee,9.34
1780992244564,2026-06-09T08:04:04.564Z,left_knee,7.8
1780992244585,2026-06-09T08:04:04.585Z,left_knee,6.4
1780992244605,2026-06-09T08:04:04.605Z,left_knee,4.6
1780992244625,2026-06-09T08:04:04.625Z,left_knee,5.79
1780992244646,2026-06-09T08:04:04.646Z,left_knee,3.72
1780992244666,2026-06-09T08:04:04.666Z,left_knee,2.03
1780992244687,2026-06-09T08:04:04.687Z,left_knee,1.47
1780992244707,2026-06-09T08:04:04.707Z,left_knee,0.72
1780992244728,2026-06-09T08:04:04.728Z,left_knee,2.13
1780992244748,2026-06-09T08:04:04.748Z,left_knee,2.65
1780992244769,2026-06-09T08:04:04.769Z,left_knee,4.47
1780992244789,2026-06-09T08:04:04.789Z,left_knee,5.03
1780992244810,2026-06-09T08:04:04.810Z,left_knee,6.69
1780992244831,2026-06-09T08:04:04.831Z,left_knee,7.59
1780992244852,2026-06-09T08:04:04.852Z,left_knee,9.95
1780992244873,2026-06-09T08:04:04.873Z,left_knee,9.85
1780992244893,2026-06-09T08:04:04.893Z,left_knee,11.24
1780992244914,2026-06-09T08:04:04.914Z,left_knee,11.95
1780992244934,2026-06-09T08:04:04.934Z,left_knee,12.74
1780992244954,2026-06-09T08:04:04.954Z,left_knee,12.23
1780992244975,2026-06-09T08:04:04.975Z,left_knee,17.04
1780992244995,2026-06-09T08:04:04.995Z,left_knee,15.6
1780992245016,2026-06-09T08:04:05.016Z,left_knee,18.03
1780992245036,2026-06-09T08:04:05.036Z,left_knee,17.18
1780992245056,2026-06-09T08:04:05.056Z,left_knee,18.24
1780992245077,2026-06-09T08:04:05.077Z,left_knee,19.6
1780992245097,2026-06-09T08:04:05.097Z,left_knee,20.76
1780992245118,2026-06-09T08:04:05.118Z,left_knee,19.96
1780992245138,2026-06-09T08:04:05.138Z,left_knee,21.16
1780992245158,2026-06-09T08:04:05.158Z,left_knee,23.29
1780992245179,2026-06-09T08:04:05.179Z,left_knee,21.93
1780992245200,2026-06-09T08:04:05.200Z,left_knee,22.11
1780992245220,2026-06-09T08:04:05.220Z,left_knee,22.69
1780992245240,2026-06-09T08:04:05.240Z,left_knee,22.19
1780992245261,2026-06-09T08:04:05.261Z,left_knee,21.9
1780992245281,2026-06-09T08:04:05.281Z,left_knee,20.87
1780992245302,2026-06-09T08:04:05.302Z,left_knee,19.78
1780992245322,2026-06-09T08:04:05.322Z,left_knee,19.78
1780992245342,2026-06-09T08:04:05.342Z,left_knee,18.49
1780992245363,2026-06-09T08:04:05.363Z,left_knee,17.59
1780992245384,2026-06-09T08:04:05.384Z,left_knee,16.04
1780992245404,2026-06-09T08:04:05.404Z,left_knee,17.1
1780992245424,2026-06-09T08:04:05.424Z,left_knee,15.87
1780992245445,2026-06-09T08:04:05.445Z,left_knee,14.66
1780992245465,2026-06-09T08:04:05.465Z,left_knee,13.22
1780992245486,2026-06-09T08:04:05.486Z,left_knee,12.8
1780992245506,2026-06-09T08:04:05.506Z,left_knee,13.16
1780992245527,2026-06-09T08:04:05.527Z,left_knee,11.99
1780992245547,2026-06-09T08:04:05.547Z,left_knee,8.76
1780992245567,2026-06-09T08:04:05.567Z,left_knee,8.26
1780992245587,2026-06-09T08:04:05.587Z,left_knee,7.83
1780992245608,2026-06-09T08:04:05.608Z,left_knee,6.5
1780992245629,2026-06-09T08:04:05.629Z,left_knee,3.68
1780992245649,2026-06-09T08:04:05.649Z,left_knee,3.09
1780992245669,2026-06-09T08:04:05.669Z,left_knee,0.66
1780992245690,2026-06-09T08:04:05.690Z,left_knee,0.3
1780992245710,2026-06-09T08:04:05.710Z,left_knee,1.26
1780992245730,2026-06-09T08:04:05.730Z,left_knee,2.02
1780992245751,2026-06-09T08:04:05.751Z,left_knee,3.28
1780992245771,2026-06-09T08:04:05.771Z,left_knee,2.95
1780992245792,2026-06-09T08:04:05.792Z,left_knee,5.17
1780992245813,2026-06-09T08:04:05.813Z,left_knee,7.03
1780992245833,2026-06-09T08:04:05.833Z,left_knee,8.15
1780992245854,2026-06-09T08:04:05.854Z,left_knee,9.54
1780992245874,2026-06-09T08:04:05.874Z,left_knee,8.78
1780992245895,2026-06-09T08:04:05.895Z,left_knee,10.97
1780992245915,2026-06-09T08:04:05.915Z,left_knee,12.95
1780992245936,2026-06-09T08:04:05.936Z,left_knee,13.53
1780992245956,2026-06-09T08:04:05.956Z,left_knee,14.94
1780992245977,2026-06-09T08:04:05.977Z,left_knee,14.88
1780992245997,2026-06-09T08:04:05.997Z,left_knee,16.92
1780992246018,2026-06-09T08:04:06.018Z,left_knee,17.14
1780992246039,2026-06-09T08:04:06.039Z,left_knee,20.61
1780992246059,2026-06-09T08:04:06.059Z,left_knee,18.83
1780992246080,2026-06-09T08:04:06.080Z,left_knee,18.3
1780992246100,2026-06-09T08:04:06.100Z,left_knee,18.8
1780992246121,2026-06-09T08:04:06.121Z,left_knee,19.84
1780992246143,2026-06-09T08:04:06.143Z,left_knee,21.23
1780992246164,2026-06-09T08:04:06.164Z,left_knee,22.22
1780992246184,2026-06-09T08:04:06.184Z,left_knee,23.17
1780992246204,2026-06-09T08:04:06.204Z,left_knee,22.94
1780992246225,2026-06-09T08:04:06.225Z,left_knee,22.78
1780992246245,2026-06-09T08:04:06.245Z,left_knee,19.93
1780992246266,2026-06-09T08:04:06.266Z,left_knee,19.98
1780992246286,2026-06-09T08:04:06.286Z,left_knee,20.14
1780992246307,2026-06-09T08:04:06.307Z,left_knee,19.47
1780992246328,2026-06-09T08:04:06.328Z,left_knee,18.98
1780992246348,2026-06-09T08:04:06.348Z,left_knee,18.1
1780992246368,2026-06-09T08:04:06.368Z,left_knee,19.25
1780992246389,2026-06-09T08:04:06.389Z,left_knee,18.38
1780992246409,2026-06-09T08:04:06.409Z,left_knee,17.1
1780992246429,2026-06-09T08:04:06.429Z,left_knee,16.34
1780992246450,2026-06-09T08:04:06.450Z,left_knee,15.63
1780992246470,2026-06-09T08:04:06.470Z,left_knee,14.16
1780992246491,2026-06-09T08:04:06.491Z,left_knee,10.83
1780992246512,2026-06-09T08:04:06.512Z,left_knee,10.56
1780992246532,2026-06-09T08:04:06.532Z,left_knee,10.29
1780992246553,2026-06-09T08:04:06.553Z,left_knee,9.89
1780992246573,2026-06-09T08:04:06.573Z,left_knee,7.15
1780992246593,2026-06-09T08:04:06.593Z,left_knee,7.04
1780992246614,2026-06-09T08:04:06.614Z,left_knee,5.28
1780992246634,2026-06-09T08:04:06.634Z,left_knee,4.32
1780992246655,2026-06-09T08:04:06.655Z,left_knee,2.82
1780992246676,2026-06-09T08:04:06.676Z,left_knee,1.32
1780992246697,2026-06-09T08:04:06.697Z,left_knee,1.06
1780992246717,2026-06-09T08:04:06.717Z,left_knee,2.33
1780992246738,2026-06-09T08:04:06.738Z,left_knee,4.42
1780992246758,2026-06-09T08:04:06.758Z,left_knee,2.97
1780992246778,2026-06-09T08:04:06.778Z,left_knee,4.78
1780992246799,2026-06-09T08:04:06.799Z,left_knee,6.31
1780992246820,2026-06-09T08:04:06.820Z,left_knee,6.19
1780992246840,2026-06-09T08:04:06.840Z,left_knee,8.16
1780992246860,2026-06-09T08:04:06.860Z,left_knee,10.39
1780992246881,2026-06-09T08:04:06.881Z,left_knee,10.21
1780992246901,2026-06-09T08:04:06.901Z,left_knee,11.37
1780992246922,2026-06-09T08:04:06.922Z,left_knee,13.72
1780992246942,2026-06-09T08:04:06.942Z,left_knee,12.18
1780992246962,2026-06-09T08:04:06.962Z,left_knee,14.76
1780992246983,2026-06-09T08:04:06.983Z,left_knee,14.66
1780992247003,2026-06-09T08:04:07.003Z,left_knee,17.49
1780992247024,2026-06-09T08:04:07.024Z,left_knee,17.9
1780992247044,2026-06-09T08:04:07.044Z,left_knee,18.33
1780992247065,2026-06-09T08:04:07.065Z,left_knee,18.67
1780992247085,2026-06-09T08:04:07.085Z,left_knee,19.96
1780992247106,2026-06-09T08:04:07.106Z,left_knee,21.74
1780992247127,2026-06-09T08:04:07.127Z,left_knee,21.22
1780992247147,2026-06-09T08:04:07.147Z,left_knee,20.52
1780992247167,2026-06-09T08:04:07.167Z,left_knee,20.15
1780992247188,2026-06-09T08:04:07.188Z,left_knee,22.91
1780992247208,2026-06-09T08:04:07.208Z,left_knee,22.67
1780992247229,2026-06-09T08:04:07.229Z,left_knee,22.1
1780992247249,2026-06-09T08:04:07.249Z,left_knee,20.04
1780992247270,2026-06-09T08:04:07.270Z,left_knee,21.16
1780992247290,2026-06-09T08:04:07.290Z,left_knee,19.8
1780992247311,2026-06-09T08:04:07.311Z,left_knee,19.75
1780992247331,2026-06-09T08:04:07.331Z,left_knee,18.32
1780992247352,2026-06-09T08:04:07.352Z,left_knee,17.84
1780992247372,2026-06-09T08:04:07.372Z,left_knee,18.93
1780992247393,2026-06-09T08:04:07.393Z,left_knee,16.83
1780992247413,2026-06-09T08:04:07.413Z,left_knee,17.18
1780992247434,2026-06-09T08:04:07.434Z,left_knee,15.24
1780992247454,2026-06-09T08:04:07.454Z,left_knee,14.8
1780992247475,2026-06-09T08:04:07.475Z,left_knee,13.85
1780992247496,2026-06-09T08:04:07.496Z,left_knee,13.9
1780992247516,2026-06-09T08:04:07.516Z,left_knee,9.53
1780992247536,2026-06-09T08:04:07.536Z,left_knee,9.5
1780992247557,2026-06-09T08:04:07.557Z,left_knee,6.69
1780992247577,2026-06-09T08:04:07.577Z,left_knee,8.17
1780992247598,2026-06-09T08:04:07.598Z,left_knee,5.49
1780992247618,2026-06-09T08:04:07.618Z,left_knee,5.97
1780992247639,2026-06-09T08:04:07.639Z,left_knee,4.61
1780992247659,2026-06-09T08:04:07.659Z,left_knee,3.14
1780992247680,2026-06-09T08:04:07.680Z,left_knee,2.13
1780992247701,2026-06-09T08:04:07.701Z,left_knee,0.13
1780992247721,2026-06-09T08:04:07.721Z,left_knee,1.35
1780992247741,2026-06-09T08:04:07.741Z,left_knee,1.7
1780992247762,2026-06-09T08:04:07.762Z,left_knee,3.79
1780992247782,2026-06-09T08:04:07.782Z,left_knee,4.56
1780992247803,2026-06-09T08:04:07.803Z,left_knee,6.6
1780992247823,2026-06-09T08:04:07.823Z,left_knee,8.49
1780992247844,2026-06-09T08:04:07.844Z,left_knee,9.27
1780992247864,2026-06-09T08:04:07.864Z,left_knee,10.66
1780992247884,2026-06-09T08:04:07.884Z,left_knee,10.22
1780992247905,2026-06-09T08:04:07.905Z,left_knee,11.56
1780992247926,2026-06-09T08:04:07.926Z,left_knee,14.21
1780992247946,2026-06-09T08:04:07.946Z,left_knee,13.08
1780992247967,2026-06-09T08:04:07.967Z,left_knee,15.07
1780992247987,2026-06-09T08:04:07.987Z,left_knee,14.23
1780992248007,2026-06-09T08:04:08.007Z,left_knee,17.99
1780992248028,2026-06-09T08:04:08.028Z,left_knee,16.24
1780992248048,2026-06-09T08:04:08.048Z,left_knee,18.85
1780992248068,2026-06-09T08:04:08.068Z,left_knee,19.85
1780992248089,2026-06-09T08:04:08.089Z,left_knee,20.32
1780992248109,2026-06-09T08:04:08.109Z,left_knee,20.36
1780992248129,2026-06-09T08:04:08.129Z,left_knee,20.77
1780992248150,2026-06-09T08:04:08.150Z,left_knee,22.19
1780992248171,2026-06-09T08:04:08.171Z,left_knee,23.28
1780992248191,2026-06-09T08:04:08.191Z,left_knee,23.11
1780992248211,2026-06-09T08:04:08.211Z,left_knee,21.15
1780992248232,2026-06-09T08:04:08.232Z,left_knee,21.54
1780992248253,2026-06-09T08:04:08.253Z,left_knee,22.4
1780992248273,2026-06-09T08:04:08.273Z,left_knee,18.36
1780992248294,2026-06-09T08:04:08.294Z,left_knee,19.38
1780992248314,2026-06-09T08:04:08.314Z,left_knee,21.24
1780992248334,2026-06-09T08:04:08.334Z,left_knee,19.77
1780992248355,2026-06-09T08:04:08.355Z,left_knee,19.04
1780992248376,2026-06-09T08:04:08.376Z,left_knee,16.44
1780992248396,2026-06-09T08:04:08.396Z,left_knee,18.27
1780992248417,2026-06-09T08:04:08.417Z,left_knee,15.39
1780992248437,2026-06-09T08:04:08.437Z,left_knee,11.86
1780992248458,2026-06-09T08:04:08.458Z,left_knee,15.77
1780992248478,2026-06-09T08:04:08.478Z,left_knee,12.75
1780992248499,2026-06-09T08:04:08.499Z,left_knee,11.61
